Country,2000,2001,2002,2003,2004,2005,2006,2007,2008,2009,2010,2011,2012,2013,2014,2015,2016,2017,2018,2019,2020,2021
Afghanistan,13.989,13.926,13.896,13.896,13.924,13.979,14.06,14.169,14.302,14.448,14.608,14.776,14.947,15.124,15.305,15.49,15.681,15.868,16.051,16.234,16.411,16.575
Africa (UN),17.129,17.218,17.307,17.395,17.48,17.558,17.626,17.687,17.748,17.809,17.867,17.925,17.986,18.05,18.111,18.174,18.241,18.32,18.421,18.532,18.649,18.769
Albania,26.217,26.501,26.974,27.515,28.069,28.636,29.216,29.808,30.407,31.0,31.57,32.024,32.357,32.667,32.969,33.286,33.594,33.912,34.283,34.708,35.127,35.549
Algeria,20.767,21.253,21.744,22.233,22.708,23.166,23.602,24.018,24.412,24.784,25.139,25.476,25.787,26.075,26.341,26.583,26.811,27.024,27.23,27.431,27.608,27.783
American Samoa,20.341,20.517,20.731,20.955,21.169,21.359,21.504,21.581,21.554,21.42,21.493,21.918,22.466,23.036,23.625,24.214,24.787,25.333,25.83,26.251,26.667,27.234
Andorra,35.945,36.68,37.317,37.412,37.085,36.815,36.846,37.171,37.589,38.131,38.547,38.629,38.774,39.124,39.53,39.939,40.366,40.799,41.294,41.731,42.125,42.511
Angola,16.04,16.066,16.099,16.137,16.176,16.209,16.236,16.262,16.281,16.292,16.302,16.314,16.324,16.329,16.317,16.292,16.279,16.279,16.285,16.302,16.321,16.345
Anguilla,27.795,28.1,28.455,28.849,29.238,29.623,30.019,30.426,30.832,31.241,31.63,32.019,32.431,32.865,33.178,33.526,34.031,34.552,34.969,35.495,36.071,36.95
Antigua and Barbuda,27.371,27.647,27.938,28.233,28.544,28.864,29.187,29.496,29.76,29.985,30.249,30.565,30.912,31.29,31.687,32.082,32.498,32.934,33.381,33.83,34.256,34.665
Argentina,26.837,26.979,27.148,27.335,27.536,27.754,27.983,28.214,28.437,28.659,28.874,29.081,29.29,29.492,29.677,29.861,30.051,30.258,30.491,30.763,31.08,31.403
Armenia,28.559,29.005,29.336,29.571,29.779,29.973,30.175,30.386,30.662,30.988,31.292,31.559,31.808,32.081,32.384,32.715,33.067,33.445,33.938,34.525,35.054,35.527
Aruba,32.903,33.272,33.731,34.191,34.639,35.086,35.532,35.959,36.372,36.764,37.111,37.469,37.857,38.22,38.559,38.874,39.174,39.469,39.771,40.088,40.399,40.594
Asia (UN),24.729,25.001,25.262,25.518,25.772,26.024,26.289,26.566,26.845,27.123,27.413,27.709,27.998,28.284,28.582,28.897,29.221,29.548,29.889,30.243,30.604,30.957
Australia,34.369,34.638,34.878,35.092,35.298,35.488,35.646,35.762,35.838,35.914,36.043,36.179,36.234,36.242,36.252,36.254,36.247,36.268,36.352,36.543,36.895,37.259
Austria,37.14,37.553,37.922,38.254,38.586,38.924,39.298,39.685,40.062,40.451,40.84,41.207,41.513,41.759,41.945,41.997,42.007,42.115,42.274,42.433,42.572,42.678
Azerbaijan,24.778,25.174,25.595,26.016,26.371,26.666,26.948,27.227,27.521,27.843,28.171,28.473,28.749,29.016,29.306,29.625,29.873,30.067,30.329,30.699,31.132,31.574
Bahamas,27.585,27.942,28.299,28.644,28.973,29.284,29.568,29.821,30.065,30.3,30.535,30.79,31.06,31.338,31.622,31.922,32.241,32.573,32.911,33.247,33.59,33.909
Bahrain,25.626,25.832,25.787,25.826,26.023,26.345,26.772,27.285,27.873,28.536,28.987,29.204,29.472,29.716,29.873,30.023,30.15,30.348,30.731,31.21,30.953,30.625
Bangladesh,19.675,19.905,20.091,20.287,20.489,20.696,20.911,21.135,21.368,21.614,21.878,22.17,22.485,22.807,23.134,23.457,23.774,24.023,24.201,24.38,24.558,24.733
Barbados,32.404,32.7,32.995,33.286,33.593,33.919,34.264,34.615,34.951,35.273,35.58,35.867,36.156,36.433,36.698,36.952,37.201,37.447,37.687,37.921,38.15,38.401
Belarus,35.57,35.9,36.201,36.487,36.764,37.026,37.259,37.461,37.633,37.777,37.918,38.059,38.181,38.292,38.411,38.53,38.654,38.815,39.015,39.288,39.595,39.881
Belgium,37.893,38.169,38.43,38.696,38.97,39.215,39.419,39.593,39.727,39.804,39.841,39.929,40.065,40.206,40.35,40.429,40.492,40.586,40.663,40.735,40.811,40.935
Belize,18.603,18.819,19.006,19.205,19.414,19.627,19.843,20.064,20.295,20.537,20.858,21.245,21.626,22.001,22.371,22.744,23.139,23.534,23.901,24.273,24.667,25.082
Benin,16.018,16.096,16.177,16.255,16.33,16.428,16.5,16.54,16.599,16.665,16.731,16.797,16.874,16.944,16.999,17.053,17.11,17.173,17.246,17.331,17.428,17.533
Bermuda,35.827,36.388,36.945,37.498,38.057,38.599,39.126,39.466,39.584,39.665,39.947,40.47,41.03,41.528,41.934,42.321,42.733,43.129,43.446,43.744,44.031,44.331
Bhutan,19.041,19.384,19.771,20.2,20.667,21.115,21.503,21.866,22.233,22.603,22.977,23.353,23.733,24.12,24.521,24.942,25.376,25.88,26.461,27.055,27.647,28.23
Bolivia,19.892,20.057,20.204,20.336,20.479,20.633,20.794,20.962,21.142,21.338,21.547,21.769,22.001,22.243,22.493,22.75,23.012,23.273,23.536,23.8,24.02,24.185
Bonaire Sint Eustatius and Saba,32.393,32.863,33.306,33.735,34.15,34.581,35.035,35.507,35.992,36.503,37.041,37.452,37.699,37.891,38.161,38.262,38.547,38.939,39.227,39.565,39.648,39.727
Bosnia and Herzegovina,32.681,33.033,33.414,33.857,34.41,34.984,35.482,36.05,36.708,37.383,38.071,38.776,39.501,40.135,40.67,41.201,41.723,42.245,42.771,43.292,43.775,44.196
Botswana,18.668,18.965,19.257,19.551,19.845,20.134,20.417,20.695,20.971,21.24,21.495,21.723,21.786,21.707,21.659,21.665,21.719,21.814,21.944,22.105,22.276,22.415
Brazil,24.172,24.506,24.86,25.234,25.622,26.021,26.432,26.857,27.294,27.741,28.195,28.653,29.111,29.569,30.023,30.471,30.919,31.367,31.813,32.256,32.684,33.092
British Virgin Islands,29.737,29.996,30.202,30.429,30.683,30.953,31.245,31.547,31.85,32.211,32.738,33.007,33.089,33.323,33.605,33.809,34.717,35.908,35.826,35.856,36.266,36.662
Brunei,24.764,25.071,25.394,25.738,26.104,26.492,26.9,27.059,26.991,26.964,26.975,27.1,27.388,27.747,28.107,28.468,28.833,29.203,29.578,29.96,30.349,30.794
Bulgaria,38.694,38.987,39.292,39.582,39.859,40.115,40.335,40.521,40.691,40.869,41.108,41.416,41.756,42.061,42.31,42.527,42.753,43.01,43.301,43.628,43.897,44.043
Burkina Faso,15.43,15.536,15.652,15.766,15.87,15.959,16.014,16.033,16.026,16.008,15.983,15.962,15.96,15.968,15.99,16.033,16.096,16.186,16.3,16.444,16.629,16.836
Burundi,14.635,14.835,15.038,15.24,15.478,15.662,15.783,15.875,15.995,16.223,16.364,16.233,16.058,15.989,15.859,15.5,15.123,14.975,15.033,15.194,15.33,15.481
Cambodia,16.959,17.382,17.808,18.24,18.68,19.123,19.585,20.056,20.486,20.874,21.26,21.652,22.045,22.436,22.825,23.215,23.595,24.006,24.45,24.842,25.122,25.35
Cameroon,16.191,16.268,16.346,16.422,16.491,16.551,16.602,16.656,16.714,16.771,16.827,16.882,16.939,16.997,17.089,17.189,17.249,17.284,17.32,17.374,17.441,17.521
Canada,35.768,36.158,36.545,36.925,37.274,37.588,37.872,38.123,38.342,38.542,38.74,38.937,39.124,39.297,39.469,39.629,39.733,39.77,39.769,39.788,39.901,40.105
Cape Verde,17.446,17.767,18.13,18.517,18.922,19.337,19.754,20.171,20.591,21.019,21.481,22.008,22.569,23.127,23.677,24.21,24.717,25.191,25.626,26.018,26.361,26.784
Cayman Islands,32.155,32.254,32.382,32.548,32.751,32.991,33.253,33.53,33.824,34.142,34.468,34.683,34.815,34.961,35.124,35.314,35.537,35.796,36.087,36.41,36.763,37.129
Central African Republic,16.009,16.001,16.006,16.027,16.03,16.061,16.044,15.992,15.957,15.805,15.627,15.473,15.225,14.952,14.592,14.37,14.375,14.369,14.359,14.368,14.41,14.377
Chad,14.568,14.466,14.395,14.451,14.59,14.641,14.615,14.568,14.559,14.575,14.554,14.547,14.563,14.603,14.65,14.642,14.647,14.7,14.768,14.813,14.866,14.982
Chile,28.034,28.403,28.78,29.164,29.551,29.937,30.318,30.688,31.041,31.383,31.719,32.051,32.379,32.702,33.018,33.331,33.62,33.862,34.079,34.328,34.684,35.107
China,28.961,29.532,30.109,30.676,31.231,31.771,32.299,32.809,33.295,33.738,34.144,34.523,34.852,35.141,35.411,35.69,35.985,36.279,36.621,37.026,37.494,38.007
Colombia,23.157,23.43,23.712,24.0,24.299,24.616,24.955,25.314,25.686,26.069,26.464,26.872,27.29,27.713,28.139,28.566,28.985,29.371,29.727,30.084,30.448,30.803
Comoros,15.197,15.305,15.387,15.494,15.711,16.004,16.301,16.601,16.901,17.199,17.495,17.786,18.073,18.344,18.575,18.745,18.861,19.01,19.224,19.457,19.68,19.885
Congo,17.438,17.698,17.712,17.792,17.961,18.137,18.314,18.458,18.514,18.637,18.746,18.704,18.597,18.447,18.319,18.217,18.144,18.095,18.062,18.051,18.072,18.125
Cook Islands,23.54,23.966,24.377,24.82,25.258,25.695,26.122,26.666,27.33,28.012,28.705,29.398,29.929,30.309,30.687,31.071,31.454,31.811,32.139,32.451,32.739,33.265
Costa Rica,24.207,24.507,24.839,25.2,25.577,25.961,26.358,26.764,27.161,27.557,27.971,28.396,28.82,29.26,29.708,30.155,30.609,31.071,31.536,32.014,32.513,33.022
Cote d'Ivoire,15.708,15.675,15.64,15.607,15.581,15.558,15.541,15.535,15.775,16.242,16.69,17.118,17.536,17.942,18.075,17.947,17.842,17.785,17.784,17.817,17.854,17.905
Croatia,38.626,38.939,39.217,39.493,39.745,39.962,40.182,40.416,40.636,40.832,41.014,41.262,41.516,41.727,41.972,42.307,42.709,43.169,43.61,43.952,44.228,44.445
Cuba,32.096,32.632,33.158,33.671,34.176,34.689,35.206,35.73,36.252,36.768,37.276,37.764,38.264,38.768,39.245,39.677,40.067,40.44,40.781,41.096,41.343,41.425
Curacao,32.695,33.183,33.67,34.284,34.888,35.445,35.955,36.46,36.967,37.484,38.009,38.568,38.87,38.897,38.947,39.017,39.106,39.229,37.363,36.57,37.469,37.692
Cyprus,30.592,30.815,31.004,31.173,31.359,31.56,31.779,32.018,32.277,32.556,32.855,33.17,33.492,33.835,34.196,34.565,34.938,35.32,35.716,36.12,36.528,36.935
Czechia,36.431,36.724,37.015,37.286,37.534,37.755,37.955,38.134,38.3,38.48,38.685,38.937,39.241,39.585,39.962,40.363,40.771,41.181,41.575,41.963,42.324,42.64
Democratic Republic of Congo,16.05,16.01,15.971,15.929,15.902,15.898,15.883,15.845,15.802,15.767,15.748,15.748,15.772,15.812,15.83,15.814,15.842,15.893,15.884,15.844,15.815,15.788
Denmark,37.301,37.489,37.706,37.958,38.238,38.541,38.836,39.088,39.261,39.411,39.558,39.726,39.937,40.163,40.366,40.498,40.593,40.724,40.861,40.993,41.149,41.243
Djibouti,18.904,19.165,19.41,19.543,19.598,19.676,19.829,20.037,20.258,20.487,20.714,20.954,21.209,21.475,21.748,22.029,22.318,22.613,22.912,23.213,23.51,23.795
Dominica,26.654,27.145,27.549,27.926,28.293,28.644,28.991,29.339,29.682,30.021,30.388,30.435,30.605,30.304,30.088,30.512,31.687,33.035,33.495,33.969,34.444,34.91
Dominican Republic,21.083,21.319,21.561,21.814,22.076,22.346,22.626,22.913,23.194,23.462,23.723,23.988,24.26,24.542,24.834,25.138,25.448,25.762,26.076,26.388,26.697,26.998
East Timor,17.486,17.476,17.492,17.534,17.605,17.638,17.622,17.618,17.642,17.71,17.817,17.953,18.11,18.287,18.482,18.707,18.98,19.272,19.549,19.813,20.073,20.341
Ecuador,21.135,21.354,21.588,21.838,22.099,22.368,22.644,22.927,23.218,23.506,23.794,24.079,24.364,24.673,25.005,25.356,25.721,26.093,26.468,26.856,27.223,27.578
Egypt,20.098,20.316,20.534,20.755,20.98,21.212,21.437,21.65,21.848,22.035,22.206,22.382,22.548,22.686,22.797,22.878,22.959,23.048,23.166,23.328,23.488,23.636
El Salvador,20.224,20.535,20.841,21.14,21.424,21.684,21.909,22.076,22.218,22.38,22.564,22.771,23.004,23.261,23.537,23.834,24.159,24.516,24.896,25.293,25.691,26.088
Equatorial Guinea,17.9,17.993,18.148,18.363,18.624,18.88,19.125,19.384,19.648,19.911,20.164,20.372,20.533,20.674,20.794,20.895,20.98,21.051,21.111,21.16,21.135,21.063
Eritrea,16.272,16.337,16.519,16.827,17.128,17.165,17.097,17.027,17.163,17.284,17.328,17.363,17.348,17.36,17.347,17.349,17.4,17.469,17.614,17.78,17.959,18.178
Estonia,37.051,37.34,37.607,37.855,38.095,38.317,38.522,38.686,38.84,39.035,39.263,39.539,39.845,40.146,40.415,40.566,40.691,40.88,41.046,41.213,41.383,41.484
Eswatini,16.418,16.702,16.968,17.204,17.395,17.539,17.646,17.798,18.044,18.332,18.628,18.92,19.196,19.46,19.712,19.953,20.182,20.435,20.721,21.012,21.284,21.535
Ethiopia,15.07,15.006,14.986,15.007,15.054,15.112,15.189,15.295,15.428,15.591,15.788,16.009,16.248,16.5,16.757,17.009,17.254,17.493,17.717,17.926,18.129,18.329
Europe (UN),36.633,36.946,37.235,37.502,37.776,38.034,38.303,38.565,38.794,39.023,39.258,39.504,39.765,40.016,40.244,40.444,40.63,40.836,41.055,41.28,41.496,41.695
Falkland Islands,34.14,34.459,34.724,34.952,35.217,35.5,35.848,36.248,36.629,36.982,37.289,37.599,37.844,38.036,38.199,38.286,38.438,38.72,39.079,39.458,39.88,40.374
Faroe Islands,33.816,34.042,34.302,34.553,34.782,35.034,35.327,35.609,35.898,36.234,36.717,37.196,37.525,37.849,38.163,38.279,38.2,38.064,37.923,37.861,37.861,37.801
Fiji,21.442,21.722,22.002,22.281,22.569,22.862,23.158,23.463,23.756,24.036,24.315,24.592,24.852,25.105,25.363,25.62,25.883,26.166,26.468,26.776,27.059,27.283
Finland,38.36,38.675,38.989,39.302,39.61,39.908,40.183,40.431,40.656,40.864,41.05,41.191,41.289,41.364,41.419,41.456,41.497,41.592,41.765,41.974,42.178,42.339
France,36.651,36.906,37.169,37.42,37.667,37.909,38.134,38.357,38.578,38.791,39.013,39.262,39.518,39.773,40.033,40.286,40.52,40.71,40.885,41.08,41.252,41.39
French Guiana,23.3,22.969,22.74,22.567,22.429,22.304,22.116,21.914,21.836,21.961,22.24,22.593,22.825,22.782,22.787,23.109,23.598,24.09,24.601,24.963,25.177,25.228
French Polynesia,24.053,24.457,24.865,25.209,25.493,25.794,26.119,26.479,26.871,27.278,27.678,28.068,28.456,28.882,29.351,29.836,30.337,30.896,31.632,32.428,33.035,33.562
Gabon,18.205,18.356,18.522,18.699,18.889,19.091,19.304,19.527,19.754,19.981,20.204,20.421,20.637,20.849,21.045,21.21,21.331,21.406,21.443,21.459,21.464,21.465
Gambia,15.403,15.437,15.49,15.559,15.639,15.728,15.825,15.932,16.052,16.175,16.296,16.414,16.527,16.637,16.75,16.87,17.001,17.146,17.304,17.468,17.637,17.811
Georgia,32.93,33.221,33.463,33.7,33.959,34.21,34.452,34.664,34.837,34.971,35.127,35.343,35.588,35.853,36.012,36.056,36.089,36.134,36.213,36.329,36.459,36.557
Germany,39.015,39.373,39.737,40.121,40.537,40.95,41.493,42.075,42.541,42.92,43.265,43.632,44.076,44.487,44.733,44.813,44.816,44.889,44.928,44.904,44.876,44.923
Ghana,17.309,17.495,17.707,17.913,18.11,18.298,18.479,18.664,18.848,19.023,19.179,19.317,19.444,19.562,19.673,19.776,19.879,19.996,20.12,20.25,20.396,20.557
Gibraltar,36.847,37.244,37.504,37.576,37.698,37.835,37.959,38.072,38.172,38.286,38.409,38.542,38.699,38.842,38.989,39.129,39.19,39.202,39.193,39.153,39.107,39.023
Greece,36.98,37.153,37.388,37.693,38.012,38.342,38.706,39.105,39.506,39.91,40.334,40.772,41.225,41.705,42.199,42.682,43.077,43.393,43.71,44.005,44.318,44.859
Greenland,31.123,31.511,31.849,32.123,32.328,32.482,32.579,32.599,32.577,32.557,32.51,32.475,32.583,32.782,32.957,33.074,33.171,33.279,33.379,33.475,33.596,33.751
Grenada,23.43,23.451,23.771,24.145,24.544,24.974,25.433,25.917,26.425,26.954,27.5,27.941,28.287,28.66,29.062,29.495,29.954,30.447,30.949,31.442,31.927,32.401
Guadeloupe,32.247,32.674,33.105,33.534,33.953,34.352,34.718,35.079,35.545,36.212,36.942,37.606,38.244,38.89,39.571,40.314,41.15,42.104,43.047,43.846,44.369,44.955
Guam,26.405,26.618,26.834,27.046,27.252,27.446,27.618,27.756,27.848,27.886,28.003,28.277,28.61,28.951,29.291,29.62,29.933,30.222,30.481,30.706,30.831,30.884
Guatemala,16.646,16.754,16.88,17.019,17.178,17.36,17.57,17.804,18.055,18.315,18.582,18.857,19.137,19.422,19.71,19.997,20.289,20.59,20.896,21.215,21.553,21.889
Guernsey,37.368,37.691,38.024,38.364,38.709,39.064,39.424,39.783,40.139,40.476,40.816,41.161,41.506,41.843,42.168,42.518,42.863,43.151,43.373,43.566,43.75,43.833
Guinea,16.383,16.163,16.024,16.034,16.038,16.021,16.023,16.067,16.135,16.216,16.306,16.408,16.514,16.625,16.749,16.886,17.022,17.154,17.292,17.435,17.572,17.701
Guinea-Bissau,16.314,16.399,16.485,16.566,16.646,16.723,16.797,16.87,16.939,17.007,17.083,17.164,17.249,17.339,17.44,17.556,17.689,17.842,18.011,18.188,18.364,18.54
Guyana,21.211,21.353,21.512,21.7,21.914,22.132,22.349,22.559,22.763,22.962,23.161,23.36,23.477,23.521,23.589,23.694,23.839,24.013,24.326,24.613,24.829,25.054
Haiti,18.353,18.484,18.634,18.798,18.976,19.169,19.371,19.582,19.8,20.025,20.252,20.487,20.734,20.99,21.247,21.5,21.751,22.001,22.253,22.507,22.759,23.003
High-income countries,35.386,35.676,35.965,36.233,36.497,36.76,37.03,37.284,37.522,37.771,38.023,38.269,38.514,38.752,38.976,39.179,39.364,39.562,39.769,39.976,40.203,40.431
Honduras,16.951,17.131,17.323,17.529,17.75,17.986,18.239,18.505,18.778,19.057,19.343,19.639,19.944,20.258,20.58,20.908,21.24,21.575,21.91,22.245,22.572,22.885
Hong Kong,35.045,35.573,36.104,36.634,37.172,37.727,38.252,38.692,39.08,39.488,39.916,40.328,40.674,40.998,41.35,41.738,42.171,42.662,43.216,43.812,44.434,45.035
Hungary,37.462,37.559,37.645,37.723,37.806,37.893,38.029,38.226,38.435,38.639,38.857,39.388,39.925,40.185,40.45,40.731,41.061,41.423,41.771,42.118,42.454,42.728
Iceland,31.873,32.081,32.363,32.666,32.948,33.191,33.446,33.562,33.525,33.627,33.877,34.14,34.378,34.535,34.696,34.94,35.179,35.306,35.366,35.454,35.595,35.718
India,21.192,21.373,21.566,21.775,22.003,22.244,22.501,22.773,23.054,23.342,23.641,23.949,24.265,24.588,24.925,25.271,25.613,25.961,26.313,26.668,27.024,27.348
Indonesia,23.606,23.916,24.225,24.537,24.847,25.151,25.447,25.735,26.021,26.307,26.588,26.856,27.113,27.366,27.615,27.859,28.103,28.359,28.624,28.891,29.132,29.335
Iran,20.188,20.804,21.373,21.956,22.583,23.206,23.827,24.416,24.973,25.523,26.066,26.608,27.152,27.69,28.216,28.73,29.237,29.736,30.248,30.785,31.326,31.838
Iraq,16.854,16.947,17.053,17.161,17.262,17.359,17.451,17.546,17.66,17.791,17.923,18.035,18.135,18.242,18.363,18.507,18.68,18.885,19.118,19.363,19.604,19.843
Ireland,31.498,31.694,31.895,32.134,32.35,32.429,32.377,32.35,32.498,32.847,33.299,33.755,34.183,34.597,35.0,35.369,35.742,36.13,36.5,36.883,37.289,37.643
Isle of Man,38.376,38.595,38.851,39.142,39.483,39.864,40.205,40.461,40.698,40.958,41.257,41.62,42.052,42.507,42.972,43.44,43.852,44.198,44.52,44.831,45.124,45.321
Israel,26.751,26.963,27.167,27.356,27.541,27.731,27.905,28.041,28.166,28.281,28.376,28.462,28.538,28.616,28.697,28.761,28.816,28.857,28.89,28.935,28.994,29.048
Italy,39.249,39.595,39.944,40.24,40.519,40.843,41.205,41.537,41.835,42.164,42.513,42.877,43.238,43.598,43.997,44.402,44.793,45.177,45.571,45.998,46.403,46.773
Jamaica,22.265,22.506,22.762,23.031,23.314,23.615,23.935,24.28,24.65,25.047,25.468,25.911,26.37,26.838,27.313,27.79,28.271,28.759,29.251,29.746,30.229,30.68
Japan,40.752,41.105,41.467,41.829,42.189,42.554,42.9,43.219,43.542,43.88,44.24,44.539,44.808,45.099,45.461,45.845,46.195,46.535,46.889,47.262,47.674,48.123
Jersey,36.673,36.979,37.242,37.5,37.769,38.05,38.336,38.623,38.911,39.203,39.491,39.772,40.039,40.28,40.498,40.754,41.069,41.393,41.721,42.056,42.391,42.655
Jordan,18.96,19.066,19.187,19.325,19.499,19.706,19.914,20.103,20.287,20.462,20.64,20.823,21.017,21.153,21.26,21.495,21.828,22.182,22.542,22.906,23.266,23.606
Kazakhstan,26.555,26.773,26.985,27.16,27.273,27.352,27.411,27.431,27.386,27.371,27.453,27.573,27.719,27.887,28.067,28.26,28.463,28.675,28.882,29.063,29.212,29.286
Kenya,15.564,15.726,15.884,16.034,16.188,16.333,16.466,16.582,16.689,16.791,16.889,17.001,17.13,17.281,17.457,17.653,17.85,18.056,18.293,18.541,18.779,19.021
Kiribati,18.651,18.76,18.897,19.075,19.268,19.456,19.637,19.809,19.971,20.12,20.252,20.408,20.605,20.82,21.045,21.269,21.465,21.636,21.812,21.993,22.183,22.363
Kosovo,21.124,21.373,21.73,22.173,22.626,23.084,23.54,23.991,24.432,24.845,25.208,25.563,25.942,26.339,26.764,27.243,27.743,28.217,28.718,29.267,29.731,30.201
Kuwait,24.87,25.247,25.732,26.307,26.956,27.4,27.545,27.671,27.896,28.226,28.623,29.505,30.573,31.326,32.083,32.899,33.743,34.569,35.425,36.212,36.844,34.789
Kyrgyzstan,21.319,21.519,21.71,21.89,22.061,22.227,22.359,22.464,22.595,22.779,22.996,23.215,23.428,23.631,23.816,23.976,24.108,24.224,24.33,24.47,24.643,24.806
Laos,16.992,17.103,17.243,17.404,17.575,17.787,18.133,18.577,19.023,19.469,19.915,20.359,20.797,21.226,21.646,21.985,22.25,22.522,22.801,23.087,23.379,23.673
Latin America and the Caribbean (UN),23.15,23.44,23.742,24.054,24.376,24.702,25.034,25.367,25.703,26.042,26.383,26.725,27.068,27.413,27.758,28.104,28.452,28.805,29.163,29.527,29.881,30.209
Latvia,37.041,37.357,37.663,37.926,38.169,38.42,38.669,38.878,39.105,39.513,40.063,40.561,40.926,41.259,41.565,41.819,42.044,42.251,42.448,42.639,42.821,42.906
Least developed countries,16.994,17.063,17.117,17.176,17.24,17.305,17.372,17.445,17.523,17.603,17.69,17.789,17.897,18.008,18.122,18.24,18.366,18.489,18.606,18.727,18.847,18.958
Lebanon,23.246,23.547,23.863,24.198,24.546,24.911,25.287,25.671,26.063,26.455,26.836,27.2,27.548,27.872,28.17,28.371,28.438,28.414,28.266,27.946,27.813,27.954
Lesotho,18.179,18.345,18.491,18.626,18.759,18.893,19.038,19.2,19.367,19.537,19.705,19.856,19.99,20.119,20.238,20.346,20.448,20.558,20.688,20.838,20.993,21.129
Less developed regions,22.816,23.018,23.216,23.423,23.642,23.871,24.108,24.358,24.605,24.843,25.078,25.321,25.569,25.823,26.087,26.354,26.621,26.885,27.161,27.437,27.699,27.935
"Less developed regions, excluding China",20.597,20.787,20.977,21.176,21.386,21.602,21.825,22.054,22.281,22.503,22.724,22.947,23.169,23.391,23.615,23.841,24.068,24.293,24.516,24.74,24.961,25.164
"Less developed regions, excluding least developed countries",23.84,24.089,24.335,24.58,24.829,25.087,25.356,25.632,25.909,26.193,26.475,26.756,27.032,27.316,27.612,27.921,28.24,28.557,28.885,29.226,29.576,29.916
Liberia,17.173,17.216,17.258,17.295,17.325,17.338,17.326,17.301,17.317,17.345,17.352,17.549,17.682,17.611,17.57,17.57,17.594,17.625,17.682,17.766,17.885,18.024
Libya,21.637,21.832,22.028,22.222,22.407,22.584,22.863,23.244,23.617,23.982,24.336,24.539,24.702,24.944,25.165,25.372,25.578,25.791,26.01,26.235,26.457,26.675
Liechtenstein,35.454,35.882,36.309,36.735,37.16,37.623,38.117,38.613,39.129,39.629,40.095,40.505,40.895,41.356,41.768,42.142,42.515,42.851,43.159,43.386,43.574,43.79
Lithuania,34.99,35.469,35.972,36.457,36.948,37.499,38.01,38.396,38.752,39.137,39.743,40.407,40.869,41.245,41.577,41.897,42.256,42.676,42.997,43.14,43.154,43.052
Low-income countries,16.064,16.074,16.088,16.11,16.147,16.191,16.248,16.322,16.381,16.432,16.5,16.577,16.646,16.697,16.748,16.816,16.914,17.031,17.162,17.303,17.439,17.567
Lower-middle-income countries,20.169,20.359,20.547,20.745,20.958,21.179,21.409,21.645,21.88,22.114,22.349,22.586,22.824,23.063,23.304,23.545,23.789,24.034,24.276,24.522,24.767,24.991
Luxembourg,36.19,36.246,36.539,36.785,36.996,37.22,37.41,37.571,37.697,37.835,37.984,38.071,38.085,38.123,38.204,38.265,38.339,38.417,38.458,38.484,38.557,38.653
Macao,31.525,31.942,32.232,32.444,32.686,32.959,33.243,33.664,34.188,34.726,35.286,35.724,35.905,35.973,36.004,36.048,36.161,36.315,36.497,36.713,36.988,37.375
Madagascar,16.091,16.107,16.127,16.15,16.178,16.222,16.286,16.363,16.451,16.546,16.651,16.776,16.926,17.093,17.274,17.468,17.669,17.87,18.063,18.242,18.407,18.563
Malawi,15.691,15.71,15.721,15.724,15.722,15.722,15.72,15.71,15.685,15.658,15.654,15.671,15.709,15.768,15.855,15.979,16.139,16.317,16.502,16.695,16.897,17.109
Malaysia,22.49,22.582,22.66,22.783,22.958,23.184,23.457,23.774,24.135,24.54,24.961,25.358,25.731,26.097,26.455,26.801,27.135,27.466,27.808,28.175,28.614,29.097
Maldives,17.713,18.218,18.737,19.268,19.807,20.35,20.919,21.517,22.136,22.767,23.412,24.069,24.739,25.43,26.094,26.611,27.038,27.498,27.989,28.513,29.069,29.655
Mali,15.405,15.455,15.501,15.535,15.551,15.546,15.521,15.482,15.435,15.373,15.301,15.219,15.08,14.958,14.908,14.88,14.885,14.911,14.952,15.021,15.12,15.234
Malta,35.501,35.825,36.158,36.476,36.783,37.089,37.391,37.68,37.967,38.256,38.57,38.895,39.175,39.424,39.541,39.529,39.55,39.47,39.195,38.893,38.876,39.231
Marshall Islands,17.075,17.373,17.696,18.028,18.355,18.66,18.937,19.18,19.38,19.523,19.581,19.66,19.852,20.068,20.275,20.507,20.749,20.984,21.191,21.337,21.405,21.257
Martinique,33.21,33.932,34.686,35.269,35.677,36.154,36.609,37.02,37.516,38.2,38.973,39.748,40.529,41.31,42.088,42.868,43.784,44.992,46.202,47.03,47.457,47.782
Mauritania,16.552,16.591,16.579,16.573,16.56,16.541,16.524,16.51,16.564,16.664,16.726,16.754,16.749,16.726,16.708,16.7,16.7,16.711,16.734,16.772,16.825,16.893
Mauritius,28.024,28.341,28.662,28.988,29.327,29.681,30.064,30.476,30.91,31.366,31.842,32.33,32.78,33.193,33.61,34.029,34.445,34.85,35.238,35.594,35.916,36.191
Mayotte,16.871,16.905,16.89,16.734,16.679,16.739,16.715,16.67,16.629,16.546,16.432,16.351,16.362,16.465,16.512,16.397,16.216,16.174,16.466,16.704,16.703,16.701
Mexico,21.771,22.091,22.407,22.725,23.044,23.361,23.676,23.977,24.26,24.536,24.81,25.087,25.369,25.656,25.951,26.258,26.581,26.918,27.266,27.616,27.936,28.216
Micronesia (country),17.833,18.143,18.485,18.825,19.153,19.454,19.723,19.955,20.127,20.222,20.286,20.374,20.498,20.653,20.84,21.043,21.248,21.466,21.684,21.89,22.116,22.366
Moldova,30.99,31.185,31.37,31.541,31.707,31.946,32.259,32.58,32.905,33.231,33.553,33.861,34.135,34.354,34.652,35.045,35.411,35.767,36.105,36.459,36.827,37.172
Monaco,44.547,44.764,44.916,45.034,45.214,45.459,45.753,46.091,46.594,47.342,48.219,49.124,50.059,51.0,51.91,52.794,53.487,53.982,54.51,54.642,54.762,55.292
Mongolia,20.745,21.149,21.546,21.938,22.326,22.711,23.089,23.455,23.803,24.118,24.398,24.685,24.981,25.245,25.483,25.703,25.907,26.094,26.245,26.334,26.415,26.512
Montenegro,32.335,32.629,32.891,33.129,33.392,33.698,34.026,34.363,34.691,35.008,35.318,35.579,35.816,36.088,36.41,36.779,37.168,37.56,37.958,38.341,38.669,38.902
Montserrat,35.814,36.59,36.839,36.893,37.049,37.222,37.346,37.42,37.518,37.636,37.73,37.922,38.238,38.588,38.902,39.2,39.419,39.624,39.905,40.256,40.546,40.968
More developed regions,36.336,36.634,36.922,37.194,37.456,37.702,37.949,38.192,38.413,38.641,38.879,39.121,39.36,39.586,39.794,39.982,40.155,40.329,40.511,40.704,40.913,41.126
Morocco,21.41,21.704,21.999,22.299,22.616,22.958,23.311,23.662,24.01,24.353,24.689,25.021,25.36,25.709,26.069,26.434,26.784,27.126,27.492,27.874,28.226,28.549
Mozambique,16.165,16.113,16.072,16.046,16.026,16.007,15.992,15.973,15.939,15.885,15.827,15.788,15.772,15.773,15.795,15.833,15.884,15.949,16.014,16.07,16.13,16.187
Myanmar,22.948,23.198,23.444,23.697,23.962,24.239,24.522,24.81,25.111,25.428,25.752,26.083,26.415,26.74,27.053,27.351,27.631,27.901,28.17,28.445,28.72,28.983
Namibia,17.953,18.015,18.106,18.234,18.384,18.541,18.701,18.867,19.042,19.223,19.429,19.65,19.871,20.069,20.247,20.401,20.523,20.612,20.675,20.733,20.775,20.789
Nauru,19.054,19.33,19.598,19.806,19.961,20.118,20.28,20.451,20.599,20.714,20.818,20.825,20.736,20.633,20.531,20.467,20.471,20.578,20.796,20.903,20.862,20.739
Nepal,18.251,18.325,18.453,18.628,18.819,19.023,19.242,19.469,19.707,19.958,20.223,20.44,20.605,20.779,20.983,21.238,21.515,21.794,22.104,22.663,23.451,24.023
Netherlands,36.23,36.522,36.83,37.163,37.521,37.901,38.29,38.668,39.009,39.338,39.672,40.015,40.358,40.694,40.99,41.212,41.343,41.413,41.465,41.489,41.527,41.552
New Caledonia,25.516,25.823,26.134,26.448,26.762,27.053,27.434,27.927,28.432,28.891,29.218,29.466,29.722,29.998,30.316,30.705,31.139,31.578,32.023,32.476,32.881,33.251
New Zealand,33.336,33.632,33.834,34.009,34.242,34.533,34.839,35.143,35.427,35.668,35.884,36.115,36.353,36.513,36.513,36.387,36.252,36.181,36.199,36.287,36.46,36.773
Nicaragua,18.016,18.351,18.699,19.055,19.413,19.768,20.074,20.338,20.607,20.881,21.161,21.449,21.744,22.045,22.354,22.669,22.99,23.315,23.646,23.98,24.292,24.587
Niger,15.231,15.14,15.04,14.932,14.82,14.705,14.596,14.496,14.407,14.333,14.276,14.24,14.239,14.258,14.288,14.343,14.417,14.498,14.591,14.699,14.821,14.958
Nigeria,16.825,16.861,16.882,16.885,16.871,16.843,16.803,16.766,16.728,16.688,16.654,16.632,16.622,16.629,16.644,16.666,16.714,16.801,16.916,17.053,17.214,17.387
Niue,28.663,29.289,29.882,30.471,31.035,31.558,32.134,32.53,32.761,33.182,33.607,34.044,34.468,34.726,34.98,35.166,35.409,35.675,35.97,35.902,35.986,36.506
North Korea,29.072,29.516,29.966,30.432,30.896,31.351,31.766,32.126,32.458,32.764,33.046,33.289,33.512,33.73,33.951,34.176,34.411,34.651,34.892,35.124,35.347,35.57
North Macedonia,30.901,31.253,31.562,31.829,32.13,32.469,32.832,33.235,33.668,34.1,34.517,34.949,35.395,35.857,36.344,36.837,37.332,37.832,38.344,38.861,39.33,39.648
Northern America (UN),34.451,34.662,34.874,35.064,35.243,35.419,35.599,35.785,35.959,36.102,36.218,36.314,36.405,36.499,36.6,36.712,36.829,36.955,37.108,37.279,37.495,37.734
Northern Mariana Islands,27.756,28.397,29.038,29.672,30.291,30.884,31.43,31.905,32.278,32.492,32.562,32.599,32.659,32.721,32.781,32.845,32.919,33.015,33.131,33.264,33.609,34.297
Norway,35.804,36.001,36.21,36.424,36.66,36.892,37.111,37.298,37.438,37.561,37.678,37.788,37.878,37.965,38.069,38.176,38.281,38.409,38.59,38.797,39.043,39.286
Oceania (UN),29.803,30.004,30.198,30.374,30.533,30.667,30.761,30.81,30.819,30.822,30.867,30.946,31.019,31.089,31.169,31.254,31.35,31.47,31.624,31.832,32.118,32.411
Oman,19.883,20.214,20.573,20.952,21.307,21.661,22.085,22.563,23.084,23.634,24.242,25.516,26.638,27.143,27.455,27.821,28.157,28.48,28.772,28.88,28.765,28.704
Pakistan,16.992,17.148,17.275,17.409,17.59,17.787,17.981,18.199,18.412,18.595,18.765,18.908,19.019,19.103,19.176,19.244,19.312,19.4,19.517,19.652,19.811,19.986
Palau,29.767,30.188,30.53,30.84,31.103,31.4,31.777,32.172,32.56,32.933,33.29,33.641,33.989,34.341,34.668,34.981,35.327,35.701,36.07,36.439,36.793,37.128
Palestine,15.077,15.225,15.392,15.582,15.79,16.013,16.252,16.507,16.78,17.061,17.332,17.594,17.855,18.113,18.358,18.581,18.788,18.938,19.039,19.152,19.286,19.434
Panama,23.273,23.537,23.798,24.057,24.314,24.572,24.836,25.103,25.372,25.646,25.923,26.197,26.467,26.736,27.004,27.268,27.531,27.795,28.068,28.361,28.659,28.957
Papua New Guinea,18.752,18.849,18.944,19.043,19.15,19.266,19.39,19.523,19.665,19.817,19.977,20.138,20.299,20.462,20.63,20.804,20.984,21.167,21.353,21.543,21.736,21.928
Paraguay,19.045,19.249,19.461,19.729,20.052,20.387,20.733,21.091,21.453,21.816,22.178,22.537,22.891,23.241,23.584,23.916,24.241,24.566,24.891,25.215,25.528,25.79
Peru,21.395,21.738,22.1,22.472,22.842,23.213,23.594,23.978,24.384,24.805,25.216,25.61,25.99,26.364,26.724,27.055,27.333,27.612,27.914,28.221,28.532,28.803
Philippines,18.991,19.169,19.333,19.513,19.708,19.911,20.091,20.275,20.463,20.653,20.88,21.111,21.359,21.622,21.889,22.213,22.583,22.954,23.325,23.689,24.075,24.468
Poland,34.254,34.519,34.79,35.059,35.325,35.586,35.86,36.138,36.397,36.735,36.944,37.051,37.308,37.628,37.965,38.317,38.675,39.034,39.389,39.742,40.101,40.464
Portugal,36.68,37.007,37.323,37.66,38.033,38.416,38.801,39.197,39.606,40.031,40.482,40.92,41.353,41.836,42.339,42.822,43.284,43.735,44.171,44.604,45.026,45.424
Puerto Rico,31.322,31.716,32.144,32.611,33.099,33.591,34.086,34.583,35.079,35.562,36.107,36.77,37.502,38.28,39.096,39.937,40.801,42.026,43.146,43.746,44.313,44.855
Qatar,28.922,29.136,29.453,29.861,30.049,29.949,29.559,29.083,29.105,29.77,30.245,30.123,29.907,29.869,29.984,30.144,30.283,30.473,30.787,31.206,31.626,31.966
Reunion,26.929,27.122,27.367,27.646,28.048,28.546,28.891,29.102,29.408,29.768,30.142,30.72,31.476,32.091,32.51,32.934,33.553,34.519,35.437,35.934,36.259,36.653
Romania,33.623,33.775,34.175,34.689,35.26,35.809,36.351,36.882,37.389,37.876,38.337,38.779,39.182,39.547,39.906,40.268,40.619,40.959,41.292,41.628,41.959,42.217
Russia,35.731,35.981,36.111,36.184,36.306,36.411,36.507,36.614,36.73,36.846,36.964,37.1,37.23,37.376,37.543,37.685,37.797,37.954,38.169,38.441,38.692,38.856
Rwanda,15.221,15.674,16.052,16.34,16.579,16.796,16.984,17.14,17.267,17.378,17.486,17.606,17.753,17.925,18.099,18.254,18.388,18.506,18.621,18.742,18.877,19.033
Saint Barthelemy,33.896,34.232,34.572,34.895,35.201,35.49,35.776,36.042,36.281,36.542,36.747,36.835,36.833,36.793,36.806,36.979,37.204,37.351,37.557,37.967,38.282,38.465
Saint Helena,35.578,36.675,37.817,38.958,40.128,41.287,42.431,43.622,44.369,44.626,44.839,45.003,45.159,45.385,45.597,45.788,46.228,46.964,47.754,48.547,49.309,49.871
Saint Kitts and Nevis,25.666,26.024,26.362,26.714,27.091,27.478,27.86,28.229,28.608,29.034,29.563,30.02,30.404,30.857,31.317,31.781,32.243,32.709,33.184,33.673,34.17,34.605
Saint Lucia,22.772,23.332,23.67,24.022,24.39,24.773,25.173,25.843,26.769,27.669,28.312,28.728,29.165,29.599,30.031,30.461,30.891,31.317,31.741,32.16,32.573,32.94
Saint Martin (French part),28.608,28.705,28.781,28.827,28.863,28.923,29.035,29.221,29.521,29.945,30.341,30.657,30.966,31.304,31.757,32.323,32.984,33.764,35.3,38.579,39.53,38.104
Saint Pierre and Miquelon,35.838,36.296,36.771,37.259,37.812,38.451,38.969,39.362,39.739,40.115,40.456,40.769,41.323,42.301,43.241,43.527,43.447,43.442,43.737,44.552,45.296,45.623
Saint Vincent and the Grenadines,23.23,23.564,24.05,24.593,25.142,25.694,26.246,26.791,27.321,27.831,28.323,28.795,29.273,29.764,30.25,30.729,31.212,31.712,32.224,32.735,33.129,33.382
Samoa,18.804,18.651,18.669,18.894,19.107,19.28,19.406,19.516,19.626,19.701,19.725,19.715,19.767,19.904,20.033,20.119,20.183,20.29,20.402,20.42,20.366,20.253
San Marino,37.629,37.972,38.323,38.682,39.047,39.415,39.786,40.162,40.557,40.966,41.379,41.836,42.309,42.709,43.068,43.47,43.904,44.328,44.808,45.332,45.831,46.308
Sao Tome and Principe,16.776,16.949,17.1,17.26,17.393,17.495,17.567,17.616,17.653,17.694,17.746,17.802,17.826,17.829,17.848,17.886,17.947,18.039,18.164,18.32,18.491,18.677
Saudi Arabia,19.731,19.667,19.767,20.0,20.336,20.752,21.23,21.757,22.324,22.921,23.546,24.193,24.86,25.545,26.248,26.967,27.634,28.11,28.32,28.404,28.489,28.508
Senegal,16.516,16.613,16.75,16.891,16.995,17.09,17.175,17.248,17.312,17.362,17.396,17.421,17.436,17.444,17.472,17.538,17.642,17.783,17.957,18.16,18.385,18.628
Serbia,39.074,39.286,39.496,39.725,39.947,40.152,40.35,40.55,40.753,40.952,41.151,41.352,41.559,41.779,42.008,42.247,42.482,42.709,42.932,43.166,43.386,43.541
Seychelles,26.25,26.699,27.143,27.532,27.884,28.243,28.606,28.971,29.355,29.756,30.123,30.355,30.505,30.664,30.832,31.026,31.267,31.552,31.879,32.239,32.634,33.053
Sierra Leone,16.878,16.849,16.829,16.823,16.837,16.868,16.906,16.947,16.993,17.047,17.112,17.191,17.281,17.386,17.512,17.662,17.831,18.01,18.201,18.4,18.605,18.817
Singapore,31.226,31.441,31.678,31.949,32.227,32.448,32.576,32.578,32.515,32.553,32.688,32.809,32.901,33.024,33.179,33.338,33.529,33.775,33.999,34.186,34.481,34.808
Sint Maarten (Dutch part),30.485,30.769,31.162,31.593,32.007,32.41,32.817,33.229,33.625,34.005,34.406,34.869,35.385,35.927,36.484,37.064,37.667,38.291,38.944,39.624,40.326,41.052
Slovakia,32.958,33.262,33.577,33.883,34.188,34.493,34.805,35.125,35.455,35.788,36.14,36.523,36.928,37.348,37.776,38.195,38.604,39.005,39.402,39.805,40.196,40.545
Slovenia,36.961,37.366,37.778,38.187,38.596,38.996,39.375,39.7,39.992,40.255,40.515,40.804,41.057,41.32,41.621,41.937,42.256,42.568,42.807,42.973,43.016,43.14
Solomon Islands,17.186,17.371,17.557,17.738,17.91,18.069,18.207,18.321,18.408,18.467,18.519,18.577,18.64,18.708,18.788,18.886,19.006,19.153,19.328,19.482,19.637,19.827
Somalia,15.163,15.119,15.077,15.033,14.982,14.902,14.748,14.556,14.475,14.495,14.554,14.714,14.874,14.925,14.962,14.999,15.037,15.091,15.157,15.214,15.265,15.308
South Africa,20.805,21.065,21.333,21.607,21.875,22.144,22.421,22.711,23.004,23.308,23.641,23.981,24.327,24.684,25.026,25.365,25.694,26.059,26.466,26.873,27.265,27.613
South Korea,30.653,31.176,31.741,32.329,32.931,33.551,34.181,34.804,35.415,36.009,36.59,37.212,37.875,38.538,39.207,39.867,40.478,41.051,41.62,42.184,42.759,43.366
South Sudan,16.167,16.264,16.345,16.399,16.411,16.421,16.55,16.795,17.079,17.309,17.644,17.996,18.186,18.279,17.962,17.519,16.962,16.138,16.08,16.594,17.025,17.309
Spain,36.336,36.753,37.068,37.284,37.519,37.759,37.994,38.191,38.412,38.754,39.182,39.634,40.109,40.63,41.15,41.619,42.047,42.439,42.799,43.138,43.497,43.916
Sri Lanka,26.197,26.507,26.796,27.085,27.378,27.676,27.984,28.297,28.61,28.917,29.22,29.519,29.828,30.139,30.438,30.732,31.015,31.288,31.555,31.816,32.074,32.318
Sudan,15.832,15.874,15.919,15.96,15.998,16.04,16.09,16.149,16.215,16.294,16.327,16.318,16.35,16.429,16.582,16.784,16.978,17.238,17.5,17.675,17.817,17.965
Suriname,22.993,23.34,23.683,24.043,24.286,24.419,24.581,24.767,24.976,25.207,25.449,25.69,25.92,26.129,26.323,26.508,26.696,26.893,27.097,27.298,27.501,27.678
Sweden,38.355,38.498,38.64,38.8,39.002,39.223,39.404,39.541,39.652,39.719,39.744,39.792,39.868,39.922,39.942,39.944,39.868,39.716,39.594,39.529,39.56,39.643
Switzerland,37.657,37.953,38.257,38.569,38.903,39.251,39.597,39.888,40.106,40.323,40.516,40.691,40.882,41.038,41.164,41.259,41.317,41.384,41.48,41.582,41.669,41.742
Syria,17.462,17.684,17.916,18.165,18.438,18.731,19.244,19.939,20.303,20.455,20.685,20.859,20.788,20.131,19.082,18.418,18.358,18.577,19.067,19.807,20.44,20.977
Taiwan,31.054,31.654,32.174,32.705,33.253,33.803,34.358,34.902,35.43,35.957,36.495,37.029,37.515,37.997,38.487,38.975,39.485,40.016,40.574,41.146,41.725,42.315
Tajikistan,17.361,17.586,17.81,18.05,18.301,18.562,18.839,19.11,19.356,19.575,19.772,19.956,20.16,20.372,20.555,20.705,20.848,20.998,21.138,21.276,21.414,21.566
Tanzania,16.355,16.382,16.378,16.362,16.332,16.297,16.264,16.236,16.204,16.138,16.091,16.106,16.152,16.221,16.292,16.404,16.548,16.673,16.764,16.834,16.917,17.016
Thailand,29.02,29.469,29.901,30.332,30.768,31.209,31.659,32.115,32.578,33.048,33.511,33.96,34.404,34.852,35.311,35.781,36.251,36.723,37.213,37.714,38.212,38.711
Togo,17.303,17.405,17.484,17.556,17.633,17.703,17.791,17.875,17.937,17.982,18.0,18.019,18.051,18.093,18.138,18.183,18.226,18.273,18.334,18.409,18.495,18.591
Tokelau,20.92,20.955,21.403,22.185,23.025,23.829,24.66,25.257,25.469,25.461,25.148,24.881,24.825,24.817,25.0,25.255,25.459,25.614,25.696,25.791,26.058,26.413
Tonga,19.305,19.471,19.604,19.699,19.755,19.779,19.773,19.846,19.994,20.098,20.132,20.138,20.235,20.404,20.552,20.663,20.732,20.819,20.907,20.924,20.894,20.802
Trinidad and Tobago,26.438,26.828,27.221,27.617,28.016,28.418,28.825,29.238,29.663,30.099,30.546,31.003,31.473,31.952,32.441,32.937,33.436,33.93,34.281,34.72,35.311,35.774
Tunisia,23.386,23.811,24.238,24.665,25.119,25.605,26.088,26.557,27.01,27.438,27.832,28.185,28.503,28.783,29.075,29.399,29.727,30.063,30.41,30.756,31.091,31.405
Turkey,24.017,24.385,24.761,25.149,25.55,25.964,26.391,26.822,27.246,27.661,28.077,28.463,28.809,29.128,29.397,29.621,29.875,30.152,30.45,30.825,31.245,31.653
Turkmenistan,19.832,20.091,20.36,20.648,20.956,21.281,21.619,21.962,22.304,22.635,22.952,23.251,23.529,23.785,24.023,24.249,24.464,24.678,24.898,25.13,25.379,25.644
Turks and Caicos Islands,27.532,28.06,28.477,28.851,29.265,29.729,30.234,30.768,31.325,31.918,32.547,33.249,33.85,34.297,34.747,35.175,35.568,35.948,36.305,36.652,37.029,37.445
Tuvalu,22.736,22.521,22.42,22.403,22.42,22.461,22.527,22.62,22.731,22.848,22.975,23.089,23.149,23.266,23.469,23.68,23.916,24.161,24.28,24.273,24.268,24.25
Uganda,13.975,13.948,13.948,13.966,13.967,13.97,13.985,14.015,14.064,14.127,14.2,14.277,14.361,14.458,14.587,14.752,14.97,15.22,15.455,15.691,15.922,16.141
Ukraine,36.266,36.65,37.012,37.317,37.571,37.741,37.895,38.038,38.163,38.372,38.585,38.739,38.795,38.831,38.979,39.232,39.516,39.831,40.158,40.481,40.793,41.068
United Arab Emirates,27.31,27.663,28.115,28.651,29.26,29.928,30.434,30.594,30.625,30.647,30.663,30.688,30.709,30.736,30.771,30.797,30.817,30.834,30.831,30.834,30.856,30.886
United Kingdom,36.626,36.841,37.038,37.219,37.376,37.512,37.639,37.766,37.906,38.057,38.191,38.333,38.489,38.629,38.728,38.784,38.816,38.866,38.955,39.091,39.22,39.316
United States,34.291,34.479,34.672,34.845,35.009,35.175,35.352,35.531,35.689,35.817,35.92,36.008,36.09,36.175,36.274,36.387,36.509,36.65,36.818,37.002,37.226,37.466
United States Virgin Islands,32.58,33.265,33.912,34.578,35.246,35.805,36.277,36.768,37.271,37.736,38.348,38.959,39.384,39.815,40.24,40.803,41.548,42.36,43.227,44.137,44.576,44.536
Upper-middle-income countries,27.35,27.771,28.189,28.599,28.998,29.372,29.73,30.07,30.382,30.67,30.952,31.242,31.528,31.816,32.114,32.432,32.76,33.084,33.416,33.783,34.178,34.588
Uruguay,31.002,31.132,31.273,31.42,31.577,31.76,31.973,32.206,32.459,32.727,32.998,33.254,33.489,33.699,33.887,34.04,34.173,34.331,34.529,34.761,35.022,35.264
Uzbekistan,20.346,20.639,20.951,21.275,21.609,21.949,22.293,22.628,22.951,23.277,23.619,23.981,24.347,24.69,24.994,25.268,25.539,25.821,26.103,26.361,26.572,26.725
Vanuatu,17.114,17.351,17.592,17.841,18.094,18.349,18.602,18.842,19.061,19.273,19.457,19.607,19.747,19.877,19.992,20.091,20.167,20.205,20.205,20.188,20.158,20.127
Vatican,53.683,54.292,54.89,55.59,56.404,57.229,58.058,58.84,59.594,60.322,61.016,61.885,62.417,61.384,61.375,60.781,60.569,60.583,60.417,60.292,60.333,60.208
Venezuela,22.035,22.297,22.562,22.835,23.112,23.39,23.664,23.942,24.225,24.513,24.807,25.101,25.398,25.701,26.014,26.333,26.66,27.006,27.41,27.854,28.246,28.557
Vietnam,22.686,23.115,23.539,23.959,24.377,24.801,25.299,25.842,26.34,26.785,27.191,27.604,28.018,28.426,28.819,29.193,29.517,29.819,30.175,30.586,31.027,31.476
Wallis and Futuna,21.48,22.008,22.508,23.032,23.709,24.503,25.307,26.126,26.981,27.892,28.82,29.698,30.544,31.337,32.054,32.693,33.284,33.854,34.455,35.056,35.59,36.085
Western Sahara,21.766,22.302,22.839,23.379,23.915,24.445,24.966,25.475,25.969,26.446,26.909,27.355,27.786,28.201,28.611,29.021,29.421,29.811,30.191,30.562,30.941,31.332
World,25.131,25.34,25.541,25.737,25.931,26.123,26.323,26.533,26.744,26.953,27.171,27.392,27.611,27.83,28.058,28.296,28.54,28.786,29.041,29.305,29.575,29.833
Yemen,14.368,14.547,14.732,14.919,15.11,15.332,15.578,15.827,16.082,16.339,16.597,16.86,17.113,17.336,17.522,17.665,17.773,17.869,17.946,18.017,18.062,18.078
Zambia,14.798,14.879,14.968,15.051,15.127,15.2,15.28,15.364,15.453,15.538,15.619,15.693,15.774,15.87,15.985,16.115,16.263,16.426,16.593,16.763,16.936,17.108
Zimbabwe,16.747,16.896,17.057,17.221,17.366,17.458,17.494,17.482,17.432,17.363,17.284,17.186,17.032,16.867,16.761,16.729,16.772,16.878,17.022,17.187,17.363,17.538
