,urban_population,urban_population,urban_population,urban_population,urban_population,urban_population,urban_population,urban_population,urban_population,urban_population,urban_population,urban_population,urban_population,urban_population,urban_population,urban_population,urban_population,urban_population,urban_population,urban_population,urban_population,urban_population,rural_population,rural_population,rural_population,rural_population,rural_population,rural_population,rural_population,rural_population,rural_population,rural_population,rural_population,rural_population,rural_population,rural_population,rural_population,rural_population,rural_population,rural_population,rural_population,rural_population,rural_population,rural_population
year,2000,2001,2002,2003,2004,2005,2006,2007,2008,2009,2010,2011,2012,2013,2014,2015,2016,2017,2018,2019,2020,2021,2000,2001,2002,2003,2004,2005,2006,2007,2008,2009,2010,2011,2012,2013,2014,2015,2016,2017,2018,2019,2020,2021
Country,,,,,,,,,,,,,,,,,,,,,,,,,,,,,,,,,,,,,,,,,,,,
Afghanistan,4444374.0,4496828.0,4758983.0,5081518.0,5301147.0,5540569.0,5823897.0,5988544.0,6175747.0,6462224.0,6713794.0,7028189.0,7383304.0,7707402.0,8062698.0,8391292.0,8682093.0,9011456.0,9367638.0,9749465.0,10168092.0,10525708.0,15685953.0,15787479.0,16619134.0,17651531.0,18259507.0,18863998.0,19600197.0,19921308.0,20306875.0,21003877.0,21570295.0,22319519.0,23176730.0,23915302.0,24729825.0,25440472.0,26018519.0,26677479.0,27375401.0,28106656.0,28900887.0,29474704.0
Albania,1289391.0,1298584.0,1327220.0,1354848.0,1381828.0,1407298.0,1430886.0,1452398.0,1473392.0,1495260.0,1519519.0,1546929.0,1575788.0,1603505.0,1630119.0,1654503.0,1680247.0,1706345.0,1728969.0,1747593.0,1762645.0,1770478.0,1799636.0,1761589.0,1723790.0,1684768.0,1645111.0,1604189.0,1561661.0,1517619.0,1473922.0,1432259.0,1393502.0,1358266.0,1324613.0,1291587.0,1258985.0,1226200.0,1195854.0,1167112.0,1137407.0,1106598.0,1075204.0,1041188.0
Algeria,18517304.0,19021811.0,19527081.0,20040386.0,20575723.0,21133634.0,21718431.0,22342100.0,23012967.0,23716845.0,24441535.0,25181388.0,25943855.0,26727044.0,27530165.0,28353036.0,29191517.0,30037974.0,30870982.0,31686845.0,32473555.0,33240040.0,12386589.0,12309410.0,12223754.0,12135432.0,12052563.0,11975615.0,11905075.0,11847316.0,11803994.0,11773600.0,11746701.0,11721988.0,11702311.0,11687127.0,11674866.0,11666493.0,11659204.0,11651325.0,11634053.0,11607701.0,11568536.0,11521059.0
American Samoa,50366.0,50487.0,50439.0,50304.0,50112.0,49880.0,49609.0,49323.0,49016.0,48696.0,48376.0,48034.0,47634.0,47173.0,46669.0,46130.0,45557.0,44968.0,44368.0,43756.0,43368.0,42909.0,6489.0,6566.0,6623.0,6667.0,6706.0,6737.0,6765.0,6790.0,6812.0,6832.0,6852.0,6861.0,6855.0,6833.0,6797.0,6748.0,6688.0,6618.0,6540.0,6453.0,6393.0,6316.0
Andorra,60690.0,60621.0,60947.0,63376.0,67451.0,69900.0,71473.0,73123.0,74314.0,74586.0,71682.0,69014.0,68099.0,66575.0,65214.0,63762.0,63698.0,65022.0,66189.0,67285.0,68029.0,68849.0,4995.0,5231.0,5559.0,6110.0,6874.0,7521.0,8112.0,8754.0,9181.0,9302.0,9024.0,8769.0,8735.0,8619.0,8523.0,8412.0,8483.0,8741.0,8973.0,9189.0,9351.0,9515.0
Angola,8111524.0,8586963.0,9090284.0,9625904.0,10198054.0,10803050.0,11361473.0,11952659.0,12576472.0,13232337.0,13926345.0,14658884.0,15425686.0,16223208.0,17038222.0,17864997.0,18720648.0,19603967.0,20504018.0,21425222.0,22353719.0,23295577.0,8083345.0,8160245.0,8237415.0,8317808.0,8402369.0,8488111.0,8653806.0,8825902.0,9002183.0,9182436.0,9368480.0,9559468.0,9751708.0,9942412.0,10122547.0,10292801.0,10462422.0,10630872.0,10793137.0,10950410.0,11097413.0,11236852.0
Antigua and Barbuda,24067.0,24144.0,23955.0,23727.0,23487.0,23261.0,23058.0,22879.0,22722.0,22574.0,22386.0,22190.0,22274.0,22324.0,22347.0,22352.0,22354.0,22357.0,22367.0,22390.0,22441.0,22515.0,50845.0,51925.0,53077.0,54157.0,55232.0,56350.0,57546.0,58825.0,60190.0,61599.0,62934.0,64142.0,64986.0,65740.0,66418.0,67057.0,67615.0,68111.0,68559.0,68974.0,69405.0,69834.0
Argentina,33173290.0,33609880.0,34040070.0,34461202.0,34879982.0,35307267.0,35739148.0,36161548.0,36595981.0,37051655.0,37510366.0,37970728.0,38418182.0,38856064.0,39314105.0,39782770.0,40224540.0,40634617.0,41024440.0,41371540.0,41626771.0,41791064.0,4040694.0,4014945.0,3989279.0,3963080.0,3935934.0,3909522.0,3882967.0,3855215.0,3828167.0,3803176.0,3778328.0,3759932.0,3743539.0,3726391.0,3709966.0,3694242.0,3675773.0,3654277.0,3630442.0,3601925.0,3565194.0,3521217.0
Armenia,2082957.0,2067917.0,2055424.0,2041160.0,2026739.0,2011745.0,1996309.0,1980626.0,1964630.0,1948136.0,1931621.0,1917872.0,1912441.0,1908816.0,1902069.0,1895452.0,1887603.0,1880091.0,1874894.0,1872863.0,1875014.0,1879017.0,1138143.0,1143883.0,1144376.0,1141340.0,1138161.0,1134655.0,1130791.0,1126774.0,1122470.0,1117864.0,1113179.0,1110028.0,1111659.0,1113184.0,1111731.0,1109148.0,1104697.0,1099309.0,1094106.0,1089637.0,1086486.0,1083283.0
Aruba,42320.0,42372.0,42328.0,42472.0,43040.0,43814.0,44246.0,44213.0,44184.0,44117.0,43850.0,44053.0,44723.0,45430.0,45971.0,46516.0,46961.0,47075.0,47278.0,47554.0,47449.0,47244.0,48268.0,49067.0,49746.0,50656.0,52098.0,53821.0,55159.0,55937.0,56733.0,57487.0,57988.0,58538.0,59387.0,60245.0,60836.0,61390.0,61766.0,61660.0,61630.0,61649.0,61138.0,60456.0
Australia,16028911.0,16210024.0,16419256.0,16633061.0,16835775.0,17065978.0,17321968.0,17666406.0,18049707.0,18451571.0,18767085.0,19056040.0,19414834.0,19775013.0,20095657.0,20410546.0,20755798.0,21126017.0,21471397.0,21819366.0,22120168.0,22182436.0,2999891.0,3064677.0,3075954.0,3087676.0,3096947.0,3110866.0,3128998.0,3161216.0,3199492.0,3240082.0,3264665.0,3283984.0,3318631.0,3353116.0,3380029.0,3405449.0,3435109.0,3466571.0,3491861.0,3515460.0,3529080.0,3502976.0
Austria,4824004.0,4820068.0,4821291.0,4822095.0,4829142.0,4839033.0,4839801.0,4832038.0,4823638.0,4812679.0,4800510.0,4792887.0,4817487.0,4861991.0,4916377.0,4988134.0,5058968.0,5110858.0,5153759.0,5196085.0,5238479.0,5283472.0,3187562.0,3222225.0,3260666.0,3299328.0,3342824.0,3388796.0,3428840.0,3463449.0,3497858.0,3530644.0,3562894.0,3598756.0,3612504.0,3617832.0,3629979.0,3654565.0,3677700.0,3686708.0,3686762.0,3683835.0,3678385.0,3672325.0
Azerbaijan,4135854.0,4184325.0,4232008.0,4280744.0,4335079.0,4396406.0,4461940.0,4530068.0,4643726.0,4759039.0,4835557.0,4920166.0,5008847.0,5098727.0,5189181.0,5279540.0,5368846.0,5453517.0,5534464.0,5616706.0,5692217.0,5755809.0,3912746.0,3926875.0,3939942.0,3953356.0,3971421.0,3995444.0,4022610.0,4051232.0,4119674.0,4188204.0,4218775.0,4252916.0,4286937.0,4318074.0,4345898.0,4369801.0,4388966.0,4400516.0,4405307.0,4407577.0,4400904.0,4381941.0
Bahrain,563444.0,584398.0,627937.0,675703.0,728179.0,785914.0,849514.0,919651.0,976925.0,1043828.0,1088907.0,1059923.0,1073101.0,1113272.0,1168843.0,1219573.0,1268397.0,1338785.0,1342065.0,1326389.0,1317711.0,1348242.0,74138.0,76918.0,82616.0,88814.0,95562.0,102908.0,110910.0,119644.0,126571.0,134587.0,139636.0,135097.0,135863.0,139919.0,145719.0,150749.0,155329.0,162331.0,161026.0,157367.0,154493.0,156123.0
Bangladesh,31739001.0,32964728.0,34394416.0,35847351.0,37317652.0,38796855.0,40286532.0,41787732.0,43299705.0,44823072.0,46363767.0,47958813.0,49611577.0,51283060.0,52973539.0,54681181.0,56417650.0,58156709.0,59901783.0,61685728.0,63487597.0,65296417.0,102805303.0,103841082.0,104539242.0,105123000.0,105585204.0,105918931.0,106119441.0,106201546.0,106174559.0,106050642.0,105838214.0,105632263.0,105458524.0,105249081.0,104991390.0,104701998.0,104394282.0,104029438.0,103621320.0,103227327.0,102810427.0,102362437.0
Barbados,88648.0,88251.0,88307.0,88328.0,88307.0,88246.0,88145.0,88036.0,87967.0,87892.0,87720.0,87536.0,87382.0,87267.0,87201.0,87182.0,87215.0,87298.0,87433.0,87618.0,87864.0,88160.0,173415.0,174174.0,175841.0,177448.0,178991.0,180460.0,181857.0,183252.0,184747.0,186231.0,187523.0,188603.0,189556.0,190398.0,191147.0,191808.0,192383.0,192873.0,193278.0,193589.0,193834.0,193987.0
Belarus,6983033.0,6995457.0,6998521.0,6996348.0,6994710.0,6992229.0,6993921.0,7005597.0,7024602.0,7049739.0,7081770.0,7114020.0,7150971.0,7195632.0,7246350.0,7302153.0,7354014.0,7390686.0,7418413.0,7445754.0,7455467.0,7433696.0,2996577.0,2933092.0,2867027.0,2800401.0,2735436.0,2671686.0,2611003.0,2555356.0,2503383.0,2454844.0,2402066.0,2347623.0,2295865.0,2247579.0,2202165.0,2158923.0,2115365.0,2068303.0,2020372.0,1974004.0,1924485.0,1868889.0
Belgium,9956937.0,9997106.0,10047703.0,10095562.0,10144977.0,10206487.0,10279407.0,10360589.0,10448114.0,10537701.0,10639649.0,10784163.0,10856360.0,10912673.0,10966157.0,11034732.0,11095615.0,11143219.0,11198627.0,11263911.0,11316947.0,11368027.0,294313.0,289464.0,285082.0,280571.0,276160.0,272130.0,268551.0,265111.0,261859.0,258792.0,255937.0,254101.0,250572.0,246734.0,242900.0,239464.0,235807.0,231939.0,228427.0,225069.0,221657.0,218168.0
Belize,109318.0,112717.0,116136.0,119616.0,123156.0,126755.0,130397.0,134071.0,137760.0,141442.0,144840.0,148030.0,151309.0,154696.0,158184.0,161797.0,165923.0,170184.0,173855.0,176964.0,179871.0,182654.0,131481.0,135662.0,139873.0,144164.0,148532.0,152976.0,157481.0,162029.0,166601.0,171172.0,175405.0,179268.0,183105.0,186931.0,190739.0,194536.0,198782.0,203018.0,206371.0,208865.0,210941.0,212692.0
Benin,2768263.0,2877723.0,2996179.0,3128511.0,3266820.0,3416212.0,3568489.0,3721090.0,3882323.0,4049112.0,4222030.0,4401627.0,4587966.0,4780638.0,4981812.0,5191263.0,5407795.0,5630764.0,5858809.0,6091152.0,6327922.0,6568819.0,4453356.0,4567873.0,4679247.0,4784559.0,4892274.0,5009932.0,5124753.0,5232879.0,5346143.0,5460311.0,5575454.0,5691996.0,5809691.0,5928196.0,6048192.0,6169418.0,6290047.0,6409016.0,6524538.0,6635603.0,6742247.0,6844598.0
Bermuda,61550.0,61867.0,62142.0,62386.0,62555.0,62711.0,62834.0,63010.0,63300.0,63565.0,63725.0,63733.0,63646.0,63574.0,63529.0,63464.0,63449.0,63578.0,63831.0,64107.0,64382.0,64648.0,0.0,0.0,0.0,0.0,0.0,0.0,0.0,0.0,0.0,0.0,0.0,0.0,0.0,0.0,0.0,0.0,0.0,0.0,0.0,0.0,0.0,0.0
Bhutan,151711.0,161738.0,172150.0,182933.0,194090.0,204946.0,212724.0,220348.0,228116.0,236025.0,244119.0,252432.0,260882.0,269432.0,277992.0,286456.0,294869.0,302994.0,310703.0,318259.0,325836.0,333502.0,445152.0,449056.0,452259.0,454730.0,456454.0,456919.0,458075.0,458293.0,458235.0,457963.0,457513.0,456945.0,456397.0,455841.0,455147.0,454162.0,452997.0,451341.0,449056.0,446565.0,444170.0,441940.0
Bolivia,5317591.0,5453480.0,5587910.0,5724387.0,5864143.0,6006796.0,6153677.0,6303816.0,6455760.0,6609139.0,6764132.0,6920743.0,7078715.0,7232019.0,7382343.0,7533287.0,7684922.0,7836841.0,7989684.0,8143476.0,8285943.0,8412854.0,3288735.0,3299256.0,3312445.0,3326313.0,3340144.0,3353958.0,3368012.0,3382144.0,3395098.0,3407136.0,3418213.0,3428186.0,3437092.0,3450589.0,3466545.0,3481418.0,3495098.0,3507746.0,3518684.0,3527910.0,3530356.0,3524506.0
Bosnia and Herzegovina,1763077.0,1784536.0,1801427.0,1810554.0,1807458.0,1801023.0,1799298.0,1790027.0,1773237.0,1755180.0,1736430.0,1716662.0,1695556.0,1679735.0,1669766.0,1659801.0,1650302.0,1641516.0,1634058.0,1626799.0,1617341.0,1603795.0,2396694.0,2394902.0,2386575.0,2367969.0,2333529.0,2295470.0,2263974.0,2223397.0,2174307.0,2124614.0,2075042.0,2025136.0,1974557.0,1931124.0,1895063.0,1858740.0,1822701.0,1787166.0,1752942.0,1718734.0,1682008.0,1641112.0
Botswana,892686.0,925679.0,952117.0,977170.0,1002749.0,1029301.0,1057227.0,1107121.0,1159140.0,1213056.0,1268905.0,1324263.0,1365709.0,1403688.0,1441542.0,1479608.0,1518150.0,1557255.0,1596661.0,1636469.0,1676875.0,1718471.0,784696.0,786575.0,792646.0,798566.0,804397.0,810576.0,817289.0,804080.0,790830.0,777617.0,764206.0,749272.0,742908.0,736994.0,730502.0,723665.0,716626.0,709492.0,702480.0,695614.0,689019.0,682970.0
Brazil,141288924.0,143778920.0,146158653.0,148477268.0,150745355.0,152984542.0,155188992.0,157343140.0,159430712.0,161431674.0,163358522.0,165271423.0,167193100.0,169121374.0,171056777.0,172977104.0,174852930.0,176677496.0,178424995.0,180121128.0,181687255.0,182973030.0,32729358.0,32522283.0,32344831.0,32145420.0,31929788.0,31703559.0,31464114.0,31209180.0,30936590.0,30648277.0,30343407.0,30013311.0,29683011.0,29356925.0,29028350.0,28698428.0,28365184.0,28025949.0,27682266.0,27334331.0,26973587.0,26577264.0
British Virgin Islands,8455.0,8744.0,9071.0,9432.0,9818.0,10226.0,10659.0,11118.0,11607.0,12106.0,12402.0,12964.0,13808.0,14538.0,15234.0,16070.0,15908.0,15479.0,16539.0,17512.0,18016.0,18496.0,11786.0,12052.0,12359.0,12702.0,13063.0,13439.0,13834.0,14248.0,14681.0,15112.0,15273.0,15746.0,16537.0,17165.0,17728.0,18428.0,17970.0,17220.0,18118.0,18883.0,19119.0,19313.0
Brunei Darussalam,232296.0,238848.0,245028.0,251038.0,256898.0,262594.0,268133.0,274045.0,280519.0,287205.0,294096.0,300780.0,306828.0,312501.0,318114.0,323680.0,329182.0,334585.0,339868.0,345034.0,350094.0,354845.0,94128.0,94497.0,95071.0,95599.0,96013.0,96322.0,96530.0,96828.0,97274.0,97747.0,98236.0,98609.0,98729.0,98701.0,98636.0,98532.0,98382.0,98187.0,97942.0,97646.0,97310.0,96876.0
Bulgaria,5629167.0,5539603.0,5448708.0,5433321.0,5419782.0,5406009.0,5391557.0,5378166.0,5366322.0,5357245.0,5347166.0,5337678.0,5331472.0,5249214.0,5209757.0,5167628.0,5124345.0,5080082.0,5033635.0,4985505.0,4957960.0,4947176.0,2541005.0,2469539.0,2388453.0,2342006.0,2297078.0,2252963.0,2209465.0,2167172.0,2126239.0,2087198.0,2048433.0,2010650.0,1974416.0,1910791.0,1863815.0,1816597.0,1769794.0,1723386.0,1677163.0,1631221.0,1592736.0,1560125.0
Burkina Faso,2127994.0,2279493.0,2442087.0,2615983.0,2802306.0,3000561.0,3210942.0,3407158.0,3590840.0,3782827.0,3984757.0,4198134.0,4424783.0,4662032.0,4909923.0,5169442.0,5439668.0,5718249.0,6000273.0,6284393.0,6573983.0,6871314.0,9797552.0,10015508.0,10238810.0,10466549.0,10698227.0,10931562.0,11162765.0,11409149.0,11667253.0,11927239.0,12191741.0,12463774.0,12747504.0,13033377.0,13319538.0,13608045.0,13895188.0,14176158.0,14438015.0,14677559.0,14904707.0,15123929.0
Burundi,533532.0,561334.0,592471.0,627404.0,668121.0,711309.0,756430.0,805087.0,860600.0,928408.0,997841.0,1060717.0,1127351.0,1198645.0,1271783.0,1334327.0,1392343.0,1462049.0,1545523.0,1638048.0,1729543.0,1822687.0,5936662.0,6073031.0,6231661.0,6415750.0,6642535.0,6875990.0,7109117.0,7356787.0,7645037.0,8019238.0,8378603.0,8657261.0,8943677.0,9240696.0,9528002.0,9713253.0,9847108.0,10044713.0,10313923.0,10617288.0,10887493.0,11142794.0
Cabo Verde,242230.0,249898.0,257557.0,265080.0,272503.0,279858.0,287218.0,294553.0,301786.0,308827.0,315154.0,318744.0,321615.0,324326.0,326915.0,329469.0,332053.0,334719.0,337478.0,340311.0,343044.0,346682.0,211087.0,210395.0,209489.0,208303.0,206867.0,205257.0,203510.0,201637.0,199569.0,197314.0,194630.0,192703.0,190340.0,187899.0,185411.0,182925.0,180501.0,178174.0,175937.0,173793.0,171635.0,169967.0
Cambodia,2316250.0,2367516.0,2419356.0,2471462.0,2523783.0,2576833.0,2631378.0,2687103.0,2750406.0,2845368.0,2942777.0,3042128.0,3143998.0,3248700.0,3356342.0,3466487.0,3579880.0,3693661.0,3806285.0,3923374.0,4052917.0,4187222.0,10146086.0,10290968.0,10435885.0,10579506.0,10720948.0,10862369.0,11007650.0,11154667.0,11303073.0,11431442.0,11557949.0,11680456.0,11801087.0,11921508.0,12040430.0,12156764.0,12272923.0,12379711.0,12468237.0,12557930.0,12672557.0,12787083.0
Cameroon,6791510.0,7063646.0,7349797.0,7649982.0,7963067.0,8288179.0,8624797.0,8979101.0,9352037.0,9739334.0,10140658.0,10553979.0,10980980.0,11423090.0,11907048.0,12423816.0,12941771.0,13458210.0,13984350.0,14530312.0,15086797.0,15650975.0,8121121.0,8245844.0,8375731.0,8510358.0,8647420.0,8786415.0,8925610.0,9070795.0,9222019.0,9374640.0,9527408.0,9678325.0,9828549.0,9979286.0,10152845.0,10339598.0,10512390.0,10670391.0,10822033.0,10975783.0,11123761.0,11264783.0
Canada,24388404.0,24757744.0,25052237.0,25303527.0,25565418.0,25833522.0,26126331.0,26441349.0,26790008.0,27158971.0,27523357.0,27847735.0,28165407.0,28478048.0,28778840.0,29013118.0,29358083.0,29729419.0,30181191.0,30652302.0,31016918.0,31223996.0,6297326.0,6263111.0,6306962.0,6338934.0,6373389.0,6409210.0,6444862.0,6447537.0,6457290.0,6471098.0,6482545.0,6491486.0,6547988.0,6602944.0,6655226.0,6691380.0,6752720.0,6815656.0,6891429.0,6966193.0,7011720.0,7015868.0
Cayman Islands,39674.0,41089.0,42514.0,43934.0,45352.0,46788.0,48232.0,49687.0,51151.0,52618.0,54099.0,55606.0,57136.0,58655.0,60160.0,61642.0,63100.0,64535.0,65941.0,67327.0,68684.0,70108.0,0.0,0.0,0.0,0.0,0.0,0.0,0.0,0.0,0.0,0.0,0.0,0.0,0.0,0.0,0.0,0.0,0.0,0.0,0.0,0.0,0.0,0.0
Central African Republic,1442859.0,1478430.0,1514377.0,1554413.0,1591848.0,1632707.0,1671929.0,1710981.0,1755482.0,1752469.0,1747955.0,1786521.0,1816121.0,1841323.0,1847377.0,1864551.0,1914596.0,1964381.0,2018008.0,2065402.0,2121136.0,2180208.0,2390557.0,2441057.0,2491700.0,2548673.0,2600978.0,2656103.0,2705650.0,2751789.0,2803502.0,2776578.0,2745040.0,2778500.0,2794727.0,2801096.0,2775805.0,2764769.0,2799067.0,2829130.0,2860649.0,2879301.0,2905492.0,2931892.0
Chad,1841762.0,1907854.0,1978396.0,2062181.0,2159393.0,2251627.0,2337641.0,2423337.0,2513424.0,2608776.0,2706920.0,2812987.0,2925179.0,3045991.0,3174291.0,3297912.0,3427550.0,3571050.0,3725534.0,3884153.0,4051245.0,4239742.0,6670331.0,6896270.0,7137796.0,7425652.0,7760643.0,8076465.0,8368783.0,8658323.0,8962872.0,9284978.0,9605655.0,9942010.0,10285819.0,10645088.0,11014387.0,11349709.0,11687105.0,12051709.0,12430997.0,12801070.0,13173434.0,13588531.0
Chile,13344444.0,13545043.0,13733915.0,13887851.0,14038455.0,14187960.0,14336915.0,14487604.0,14643016.0,14801358.0,14960588.0,15118984.0,15274745.0,15431205.0,15595978.0,15766405.0,15969570.0,16237154.0,16543634.0,16825479.0,16993267.0,17085969.0,2159191.0,2138806.0,2124010.0,2136901.0,2148867.0,2160818.0,2172280.0,2183977.0,2195972.0,2208373.0,2220876.0,2232832.0,2244374.0,2255801.0,2268217.0,2281220.0,2297651.0,2321714.0,2349557.0,2372265.0,2377357.0,2370365.0
China,452999147.0,471767321.0,491993700.0,512473984.0,533257098.0,554367818.0,575118254.0,595670841.0,616481190.0,637407288.0,658498663.0,679390629.0,700996454.0,722694421.0,744357517.0,765822300.0,787376534.0,809246214.0,829760595.0,848982855.0,866810508.0,882894483.0,809645853.0,800082679.0,788406300.0,775926016.0,762817902.0,749352182.0,735901746.0,722214159.0,708173810.0,693852712.0,679206337.0,665644371.0,653193546.0,640545579.0,627502483.0,614037700.0,600413466.0,586968786.0,572999405.0,558762145.0,544289492.0,529465517.0
Colombia,28909742.0,29535352.0,30161651.0,30789450.0,31414946.0,32028133.0,32625807.0,33211685.0,33783550.0,34348961.0,34910189.0,35454119.0,35978800.0,36487904.0,36979935.0,37465103.0,38001242.0,38719527.0,39600982.0,40477372.0,41225475.0,41841213.0,10180192.0,10173910.0,10163029.0,10147979.0,10128225.0,10100844.0,10065277.0,10023689.0,9975258.0,9922580.0,9867130.0,9805495.0,9737010.0,9663680.0,9585494.0,9504837.0,9436270.0,9411551.0,9423483.0,9430613.0,9404522.0,9346960.0
Comoros,150531.0,153419.0,156454.0,159241.0,162034.0,165209.0,168502.0,171919.0,175489.0,179238.0,183177.0,187323.0,191695.0,196486.0,201626.0,206886.0,212279.0,217800.0,223491.0,229398.0,235675.0,242286.0,385549.0,393801.0,402469.0,410557.0,418670.0,427468.0,436251.0,445008.0,453818.0,462709.0,471659.0,480733.0,489935.0,499706.0,509877.0,519796.0,529462.0,538869.0,548099.0,557180.0,566488.0,575888.0
Costa Rica,2325314.0,2421805.0,2516870.0,2610745.0,2704346.0,2798442.0,2892489.0,2986190.0,3080955.0,3175727.0,3268265.0,3359093.0,3448793.0,3535695.0,3620198.0,3703240.0,3783361.0,3859792.0,3933533.0,4003442.0,4066271.0,4120095.0,1612425.0,1587142.0,1558835.0,1528039.0,1495732.0,1462798.0,1428851.0,1394058.0,1359101.0,1324064.0,1287697.0,1250740.0,1215141.0,1180452.0,1146921.0,1114798.0,1083637.0,1053385.0,1024285.0,996111.0,968049.0,939893.0
Croatia,2387324.0,2306414.0,2315000.0,2322932.0,2330812.0,2341055.0,2348849.0,2355577.0,2362537.0,2367290.0,2369143.0,2368126.0,2364760.0,2358549.0,2349660.0,2331401.0,2316396.0,2290144.0,2271488.0,2260710.0,2252743.0,2245077.0,2080978.0,1993228.0,1987174.0,1980467.0,1973788.0,1969090.0,1962310.0,1954640.0,1947168.0,1937891.0,1926284.0,1912496.0,1895608.0,1875373.0,1851938.0,1820324.0,1790471.0,1751263.0,1717287.0,1688680.0,1661463.0,1633904.0
Cuba,8367714.0,8419949.0,8470806.0,8513190.0,8546062.0,8574633.0,8597300.0,8614446.0,8628374.0,8641025.0,8653476.0,8667062.0,8678691.0,8680043.0,8674360.0,8670074.0,8666635.0,8658241.0,8649035.0,8638403.0,8627475.0,8596546.0,2741395.0,2724183.0,2706612.0,2696193.0,2692694.0,2687921.0,2681250.0,2672826.0,2663388.0,2653694.0,2643933.0,2634509.0,2624484.0,2618124.0,2611415.0,2604991.0,2598977.0,2589588.0,2578083.0,2564443.0,2548879.0,2525622.0
Cyprus,650554.0,663020.0,674190.0,685249.0,696328.0,707360.0,718322.0,729252.0,740141.0,750989.0,761851.0,772805.0,783858.0,794832.0,805579.0,816408.0,827393.0,838307.0,848979.0,859561.0,870174.0,880700.0,297113.0,301107.0,307250.0,314341.0,321547.0,328791.0,336096.0,343462.0,350885.0,358382.0,365965.0,373688.0,381539.0,389063.0,396222.0,403094.0,409719.0,415968.0,421758.0,427110.0,432073.0,436609.0
Czechia,7587516.0,7547721.0,7526242.0,7517054.0,7512306.0,7515659.0,7528974.0,7565828.0,7621676.0,7657912.0,7673029.0,7681562.0,7693579.0,7705910.0,7723921.0,7748928.0,7773650.0,7805452.0,7844036.0,7888753.0,7922941.0,7796754.0,2667547.0,2668884.0,2670674.0,2676944.0,2684795.0,2695557.0,2709931.0,2733000.0,2762927.0,2786024.0,2801381.0,2814526.0,2817206.0,2808362.0,2801426.0,2797131.0,2792682.0,2788986.0,2785892.0,2783117.0,2774917.0,2709018.0
Denmark,4544013.0,4563004.0,4582981.0,4601394.0,4624434.0,4652908.0,4681382.0,4712839.0,4751268.0,4785983.0,4815111.0,4844002.0,4872608.0,4901386.0,4932961.0,4974525.0,5020143.0,5059173.0,5091100.0,5116342.0,5138400.0,5167981.0,795603.0,795779.0,792950.0,789180.0,780089.0,766524.0,755890.0,748599.0,742353.0,737112.0,732572.0,726570.0,718964.0,713546.0,710514.0,708958.0,707867.0,705807.0,702536.0,698080.0,693004.0,688752.0
Djibouti,571937.0,590656.0,609601.0,623725.0,633769.0,644153.0,657287.0,672101.0,686504.0,701365.0,716284.0,730997.0,745729.0,760501.0,775241.0,789896.0,804472.0,819063.0,833678.0,848268.0,862732.0,877007.0,175381.0,180657.0,185973.0,189794.0,192355.0,195014.0,198477.0,202427.0,206230.0,210162.0,213967.0,217561.0,221018.0,224323.0,227476.0,230417.0,233181.0,235778.0,238204.0,240441.0,242456.0,244241.0
Dominica,44714.0,44648.0,44910.0,45226.0,45514.0,45778.0,46033.0,46267.0,46478.0,46689.0,46889.0,47225.0,47474.0,48091.0,48754.0,48991.0,48641.0,48071.0,48051.0,48050.0,48038.0,47979.0,23797.0,23640.0,23457.0,23305.0,23135.0,22956.0,22773.0,22580.0,22376.0,22175.0,21970.0,21828.0,21644.0,21624.0,21619.0,21419.0,20965.0,20425.0,20123.0,19830.0,19535.0,19223.0
Dominican Republic,5300995.0,5455845.0,5609750.0,5801930.0,6009502.0,6214905.0,6418327.0,6620852.0,6825642.0,7033139.0,7242674.0,7442010.0,7633573.0,7823665.0,8012071.0,8198228.0,8381634.0,8563022.0,8741442.0,8914378.0,9086251.0,9256178.0,3283195.0,3264438.0,3242485.0,3178690.0,3095390.0,3010129.0,2922856.0,2834806.0,2747488.0,2662126.0,2577501.0,2503611.0,2436838.0,2370168.0,2303457.0,2236601.0,2169796.0,2103821.0,2040611.0,1979665.0,1922049.0,1867298.0
Ecuador,7651464.0,7849601.0,8029971.0,8199363.0,8371256.0,8544606.0,8720301.0,8898741.0,9080351.0,9265480.0,9451580.0,9632687.0,9808614.0,9978250.0,10143980.0,10312461.0,10486375.0,10670786.0,10881191.0,11095186.0,11258608.0,11380604.0,5037742.0,5061139.0,5108501.0,5172943.0,5237445.0,5301557.0,5365830.0,5430032.0,5494851.0,5560474.0,5625115.0,5693540.0,5763580.0,5828878.0,5891144.0,5953764.0,6018764.0,6088733.0,6168356.0,6244835.0,6287457.0,6301850.0
El Salvador,3501356.0,3548847.0,3592817.0,3632812.0,3669274.0,3702319.0,3732662.0,3772607.0,3839336.0,3905374.0,3971790.0,4039277.0,4107796.0,4176621.0,4244674.0,4310022.0,4371626.0,4428696.0,4479692.0,4526487.0,4578993.0,4636661.0,2442010.0,2419213.0,2393814.0,2365787.0,2335397.0,2303259.0,2269657.0,2237217.0,2189961.0,2142905.0,2096459.0,2050850.0,2006179.0,1962218.0,1918281.0,1873654.0,1829174.0,1784837.0,1740115.0,1695831.0,1655680.0,1619121.0
Equatorial Guinea,345254.0,381157.0,419510.0,460448.0,504250.0,547010.0,588571.0,633023.0,680488.0,730896.0,784083.0,838090.0,892503.0,936214.0,981041.0,1026702.0,1072893.0,1119394.0,1166135.0,1212999.0,1254738.0,1293781.0,358025.0,368679.0,378447.0,387414.0,395667.0,400357.0,401772.0,403021.0,404042.0,404777.0,405002.0,403745.0,400980.0,410004.0,418787.0,427221.0,435293.0,443002.0,450287.0,457178.0,461730.0,465005.0
Eritrea,597418.0,634781.0,678194.0,729317.0,783746.0,827611.0,866499.0,905730.0,957551.0,998775.0,1035969.0,1072588.0,1104613.0,1136868.0,1163476.0,1186505.0,1213226.0,1242843.0,1279658.0,1319148.0,1360842.0,1406574.0,1649613.0,1677298.0,1714784.0,1764586.0,1814538.0,1833604.0,1837003.0,1837492.0,1858776.0,1889110.0,1909217.0,1925897.0,1932375.0,1937492.0,1931697.0,1919041.0,1911472.0,1907504.0,1913102.0,1921046.0,1930429.0,1943609.0
Estonia,969061.0,961159.0,953352.0,945646.0,938279.0,931205.0,924006.0,918084.0,913914.0,910446.0,906655.0,902194.0,899089.0,897846.0,897427.0,899949.0,902145.0,905267.0,910578.0,916236.0,920415.0,923866.0,427924.0,426956.0,425998.0,425074.0,424271.0,423570.0,422804.0,422596.0,423176.0,424069.0,424820.0,425245.0,423607.0,420151.0,417118.0,415458.0,413645.0,412117.0,411399.0,410662.0,409107.0,407066.0
Eswatini,236255.0,237067.0,237580.0,237831.0,237876.0,237795.0,237600.0,238090.0,242074.0,246029.0,249899.0,253748.0,256791.0,259886.0,263042.0,266275.0,269663.0,273624.0,278193.0,282946.0,288295.0,294035.0,805159.0,813997.0,821861.0,828869.0,835283.0,841227.0,846836.0,852615.0,856017.0,859124.0,861751.0,864085.0,867072.0,870104.0,873257.0,876538.0,879844.0,884571.0,890736.0,896928.0,904434.0,912558.0
Ethiopia,9936454.0,10372438.0,10829857.0,11303781.0,11795010.0,12303693.0,12831048.0,13392914.0,14123260.0,14882091.0,15680365.0,16520147.0,17397056.0,18284998.0,19209944.0,20179307.0,21200630.0,22273262.0,23392458.0,24565260.0,25799189.0,27083011.0,57475040.0,59115324.0,60805660.0,62528882.0,64282196.0,66063777.0,67872442.0,69710303.0,71420408.0,73125545.0,74858149.0,76629823.0,78401711.0,80153753.0,81905666.0,83687828.0,85517532.0,87393219.0,89271694.0,91172123.0,93118482.0,95055577.0
Faroe Islands,16626.0,17337.0,17998.0,18595.0,18989.0,19238.0,19405.0,19516.0,19679.0,19873.0,19913.0,19945.0,19908.0,19956.0,20098.0,20361.0,20665.0,21032.0,21451.0,21870.0,22287.0,22699.0,29128.0,29298.0,29337.0,29437.0,29395.0,29121.0,28930.0,28862.0,28868.0,28918.0,28744.0,28598.0,28383.0,28290.0,28330.0,28540.0,28799.0,29148.0,29545.0,29923.0,30280.0,30606.0
Fiji,402863.0,410355.0,417801.0,425216.0,432628.0,440051.0,447533.0,454815.0,462052.0,468662.0,474975.0,480990.0,486700.0,492136.0,497478.0,502701.0,507701.0,512135.0,515895.0,519205.0,523789.0,529309.0,438046.0,439241.0,440248.0,441070.0,441738.0,442328.0,442832.0,443017.0,441347.0,438577.0,435444.0,431999.0,428218.0,424216.0,420107.0,415877.0,411465.0,406624.0,401285.0,395694.0,391174.0,387402.0
Finland,4253964.0,4273258.0,4290649.0,4307931.0,4327463.0,4349276.0,4372951.0,4398523.0,4426008.0,4454167.0,4492880.0,4543014.0,4593267.0,4629925.0,4651843.0,4669930.0,4686120.0,4699884.0,4709266.0,4717991.0,4728699.0,4742889.0,922245.0,914750.0,909949.0,905083.0,900709.0,896820.0,893317.0,890197.0,887391.0,884704.0,870472.0,845258.0,820704.0,809047.0,809669.0,809601.0,809183.0,808330.0,806259.0,803615.0,800844.0,798128.0
France,46219597.0,46714859.0,47212114.0,47703309.0,48211475.0,48731393.0,49229060.0,49690550.0,50127615.0,50546727.0,50960391.0,51372267.0,51789448.0,52227463.0,52647802.0,53009026.0,53323902.0,53654868.0,54024861.0,54383388.0,54739999.0,55116857.0,14699064.0,14649518.0,14600028.0,14546546.0,14496113.0,14449461.0,14393282.0,14326340.0,14247501.0,14159709.0,14065820.0,13968563.0,13868211.0,13770469.0,13664265.0,13539246.0,13400202.0,13263152.0,13133487.0,12998673.0,12861111.0,12725954.0
French Polynesia,134702.0,136614.0,138476.0,141526.0,145291.0,149001.0,152675.0,156093.0,158789.0,160993.0,163206.0,165452.0,167835.0,169186.0,170346.0,171396.0,172348.0,173049.0,173021.0,172714.0,173040.0,173656.0,105635.0,107483.0,109299.0,110111.0,110363.0,110506.0,110548.0,110345.0,109590.0,108488.0,107374.0,106275.0,105249.0,105542.0,106041.0,106470.0,106830.0,107038.0,106794.0,106320.0,106169.0,106136.0
Gabon,1006158.0,1042865.0,1081058.0,1120851.0,1162563.0,1206681.0,1253534.0,1303224.0,1355797.0,1411575.0,1471064.0,1534147.0,1600034.0,1667346.0,1734087.0,1798479.0,1860010.0,1919123.0,1977149.0,2035062.0,2092422.0,2149103.0,269414.0,266724.0,264077.0,261499.0,259046.0,256814.0,254803.0,253013.0,251378.0,249981.0,248815.0,247838.0,246855.0,245713.0,244312.0,242510.0,240296.0,237777.0,235169.0,232644.0,230117.0,227619.0
Georgia,2146120.0,2103451.0,2086373.0,2087702.0,2090052.0,2091919.0,2095077.0,2099115.0,2107603.0,2103652.0,2102941.0,2100564.0,2099468.0,2107360.0,2122558.0,2140097.0,2155877.0,2170854.0,2184950.0,2196346.0,2213266.0,2220419.0,1931011.0,1910922.0,1892142.0,1864034.0,1837288.0,1810550.0,1785270.0,1761043.0,1740846.0,1710767.0,1683754.0,1655877.0,1629406.0,1610308.0,1596856.0,1585179.0,1571628.0,1557150.0,1541599.0,1523815.0,1509450.0,1488191.0
Germany,61629857.0,61902439.0,62174878.0,62376854.0,62529997.0,62660267.0,62753557.0,62833410.0,62875807.0,62877220.0,62940432.0,61940177.0,62064608.0,62242278.0,62510392.0,63062064.0,63592936.0,63861626.0,64096118.0,64294010.0,64410589.0,64513567.0,20581651.0,20447486.0,20313617.0,20157322.0,19986263.0,19809155.0,19622894.0,19432962.0,19234290.0,19025087.0,18836498.0,18334806.0,18361215.0,18403327.0,18472108.0,18624547.0,18755733.0,18795376.0,18809664.0,18798952.0,18750282.0,18682511.0
Ghana,8626376.0,8994714.0,9385230.0,9786049.0,10197187.0,10620380.0,11056772.0,11506461.0,11967591.0,12439039.0,12919134.0,13411310.0,13921335.0,14445669.0,14979538.0,15520555.0,16072523.0,16626729.0,17175430.0,17726010.0,18287340.0,18855948.0,11010711.0,11172355.0,11344158.0,11510656.0,11671111.0,11829058.0,11983930.0,12135818.0,12282355.0,12423625.0,12555861.0,12683778.0,12812933.0,12940524.0,13062054.0,13175513.0,13284219.0,13381625.0,13462155.0,13532935.0,13600469.0,13662717.0
Gibraltar,27709.0,27657.0,27831.0,28274.0,28715.0,29163.0,29594.0,30006.0,30413.0,30823.0,31248.0,31660.0,32029.0,32407.0,32813.0,33193.0,33658.0,34245.0,34854.0,35494.0,36173.0,36858.0,0.0,0.0,0.0,0.0,0.0,0.0,0.0,0.0,0.0,0.0,0.0,0.0,0.0,0.0,0.0,0.0,0.0,0.0,0.0,0.0,0.0,0.0
Greece,7857551.0,7919906.0,7991509.0,8052786.0,8114802.0,8180275.0,8246206.0,8308341.0,8371303.0,8433780.0,8484693.0,8511794.0,8505100.0,8482139.0,8463623.0,8445266.0,8446960.0,8466513.0,8485202.0,8511650.0,8528388.0,8459382.0,2948257.0,2942226.0,2910513.0,2875284.0,2840339.0,2807039.0,2774156.0,2740132.0,2706538.0,2673237.0,2636648.0,2593105.0,2539911.0,2483072.0,2428790.0,2375617.0,2329011.0,2288166.0,2247680.0,2209932.0,2170211.0,2109825.0
Greenland,45847.0,46146.0,46462.0,46728.0,46986.0,47175.0,47221.0,47213.0,47196.0,47360.0,47705.0,48217.0,48402.0,48322.0,48308.0,48298.0,48503.0,48630.0,48637.0,48945.0,49198.0,49575.0,10338.0,10233.0,10133.0,10023.0,9912.0,9760.0,9554.0,9342.0,9132.0,8963.0,8829.0,8673.0,8408.0,8161.0,7987.0,7816.0,7683.0,7542.0,7386.0,7280.0,7169.0,7078.0
Grenada,38358.0,38788.0,38931.0,39097.0,39248.0,39389.0,39526.0,39659.0,39786.0,39908.0,40020.0,40190.0,40451.0,40737.0,41017.0,41280.0,41530.0,41747.0,41963.0,42212.0,42508.0,42817.0,69093.0,69199.0,69473.0,69787.0,70075.0,70345.0,70609.0,70863.0,71110.0,71346.0,71566.0,71889.0,72324.0,72750.0,73115.0,73396.0,73600.0,73691.0,73728.0,73769.0,73833.0,73871.0
Guam,149067.0,150412.0,151495.0,152427.0,153218.0,153897.0,154499.0,155057.0,155612.0,156216.0,156696.0,156864.0,156812.0,156612.0,156300.0,155891.0,155392.0,154823.0,154187.0,153489.0,153950.0,155568.0,10998.0,10917.0,10820.0,10710.0,10592.0,10468.0,10340.0,10210.0,10081.0,9957.0,9826.0,9679.0,9519.0,9354.0,9186.0,9014.0,8841.0,8667.0,8492.0,8319.0,8208.0,8162.0
Guatemala,5302752.0,5466196.0,5634193.0,5801719.0,5970299.0,6139799.0,6310777.0,6485811.0,6661989.0,6838278.0,7018489.0,7203913.0,7393927.0,7587650.0,7783467.0,7981240.0,8186277.0,8396337.0,8600396.0,8798025.0,8997343.0,9194415.0,6394840.0,6503226.0,6612722.0,6724123.0,6837103.0,6947830.0,7056682.0,7166229.0,7273185.0,7377333.0,7481623.0,7588213.0,7695720.0,7799687.0,7898258.0,7990503.0,8082483.0,8171020.0,8245289.0,8305778.0,8359982.0,8404235.0
Guinea,2601896.0,2659685.0,2725392.0,2811860.0,2897988.0,2982432.0,3072063.0,3171354.0,3277120.0,3387027.0,3501194.0,3619692.0,3741188.0,3866233.0,3996708.0,4135066.0,4281096.0,4433199.0,4591505.0,4757536.0,4930624.0,5109086.0,5826936.0,5880275.0,5948674.0,6058921.0,6164738.0,6263412.0,6369108.0,6490927.0,6621750.0,6756507.0,6894892.0,7037118.0,7180393.0,7325640.0,7476216.0,7632004.0,7791934.0,7952460.0,8113269.0,8276810.0,8440559.0,8601427.0
Guinea-Bissau,447507.0,461903.0,477095.0,493062.0,509757.0,527171.0,545529.0,564927.0,585177.0,606216.0,628277.0,651399.0,675562.0,700606.0,726309.0,752509.0,779159.0,806109.0,833452.0,861398.0,889778.0,918593.0,787234.0,799370.0,812212.0,825744.0,839806.0,854414.0,869774.0,886059.0,902877.0,920161.0,938070.0,956677.0,975855.0,995367.0,1014813.0,1033948.0,1052734.0,1070963.0,1088716.0,1106298.0,1123477.0,1140248.0
Guyana,219461.0,218686.0,217778.0,216011.0,213965.0,211701.0,209338.0,206949.0,204536.0,202080.0,199557.0,196984.0,197020.0,198006.0,199222.0,200629.0,202203.0,203939.0,210601.0,215558.0,216292.0,219340.0,545371.0,545791.0,545874.0,547090.0,548453.0,549213.0,549628.0,549912.0,550070.0,550014.0,549699.0,549169.0,549268.0,552015.0,555007.0,558152.0,561345.0,564540.0,580955.0,592107.0,591189.0,596142.0
Haiti,2955922.0,3149914.0,3351385.0,3560466.0,3713709.0,3863546.0,4018790.0,4178053.0,4341363.0,4508368.0,4657447.0,4807935.0,4982221.0,5158204.0,5336407.0,5517020.0,5698131.0,5879017.0,6059774.0,6240213.0,6418888.0,6593165.0,5347229.0,5306004.0,5256256.0,5199446.0,5196554.0,5197727.0,5197772.0,5195243.0,5189411.0,5181213.0,5145847.0,5106969.0,5087550.0,5064158.0,5036828.0,5006222.0,4973326.0,4938737.0,4902588.0,4864950.0,4824960.0,4781421.0
Honduras,2990124.0,3106244.0,3234202.0,3365038.0,3498189.0,3633359.0,3770607.0,3909956.0,4051645.0,4195276.0,4340636.0,4487479.0,4636595.0,4787587.0,4940670.0,5095759.0,5253332.0,5413175.0,5575544.0,5740459.0,5905721.0,6069175.0,3587649.0,3651749.0,3704657.0,3754175.0,3800805.0,3844996.0,3886225.0,3924842.0,3960942.0,3994623.0,4025242.0,4053104.0,4078481.0,4101691.0,4122452.0,4141546.0,4159048.0,4174962.0,4189666.0,4203174.0,4213919.0,4220702.0
Hungary,6593735.0,6588305.0,6611324.0,6633742.0,6660205.0,6694281.0,6737243.0,6779707.0,6820246.0,6861506.0,6891116.0,6916190.0,6912310.0,6906274.0,6905448.0,6907417.0,6907857.0,6912027.0,6926016.0,6945760.0,6957093.0,6957867.0,3617236.0,3599271.0,3547284.0,3495810.0,3446941.0,3392784.0,3334127.0,3276073.0,3217942.0,3161144.0,3108907.0,3055537.0,3008052.0,2966460.0,2927590.0,2890338.0,2851898.0,2814729.0,2780948.0,2749064.0,2713326.0,2673065.0
Iceland,259836.0,263687.0,266425.0,268644.0,271378.0,276072.0,283000.0,290623.0,296449.0,297832.0,297604.0,298556.0,300190.0,303150.0,306653.0,309974.0,314424.0,322016.0,330898.0,338406.0,344101.0,349960.0,21369.0,21281.0,21098.0,20877.0,20696.0,20662.0,20782.0,20943.0,20965.0,20667.0,20437.0,20458.0,20526.0,20614.0,20733.0,20841.0,21015.0,21384.0,21823.0,22157.0,22362.0,22560.0
India,292695483.0,300927724.0,310006251.0,319092955.0,328335627.0,337569623.0,346808559.0,356083571.0,365350799.0,374851256.0,384608848.0,394460717.0,404495892.0,414704318.0,424967846.0,435286590.0,445947596.0,456844886.0,467796479.0,478826529.0,489878256.0,500529185.0,765227250.0,776970851.0,787594129.0,797710051.0,807655886.0,817106699.0,826070331.0,834592450.0,842580165.0,850673497.0,858872716.0,866764237.0,874178610.0,881125193.0,887309345.0,892737908.0,897996700.0,902812514.0,906862585.0,910203783.0,912739439.0,913674711.0
Indonesia,90756993.0,93736655.0,96759516.0,99822294.0,102906603.0,106067053.0,109344323.0,112687582.0,116080322.0,119503729.0,122940838.0,126219363.0,129573696.0,132928149.0,136260119.0,139573034.0,142869697.0,146129010.0,149350859.0,152553180.0,155657888.0,158554689.0,125320797.0,125361247.0,125328979.0,125225714.0,125020046.0,124804597.0,124607329.0,124374755.0,124077581.0,123716299.0,123364484.0,123250669.0,123124829.0,122924318.0,122617280.0,122226215.0,121757721.0,121217648.0,120600987.0,119936201.0,119156978.0,118203364.0
Iraq,16729501.0,17273119.0,17841540.0,18402170.0,18949312.0,19534666.0,19693599.0,19554151.0,19968866.0,20734150.0,21453279.0,22277575.0,23367230.0,24554500.0,25496590.0,26262702.0,26964900.0,27645505.0,28376393.0,29113803.0,29857725.0,30631815.0,7694555.0,7924721.0,8165019.0,8400489.0,8628566.0,8872782.0,8922916.0,8837456.0,9002170.0,9324056.0,9592087.0,9883849.0,10287612.0,10727489.0,11053469.0,11297833.0,11504727.0,11691848.0,11889231.0,12078368.0,12258880.0,12439396.0
Ireland,2250951.0,2296510.0,2345367.0,2394915.0,2450379.0,2515791.0,2595694.0,2680715.0,2744952.0,2782090.0,2806411.0,2827835.0,2849043.0,2873286.0,2903635.0,2940510.0,2987989.0,3038732.0,3094080.0,3155322.0,3207950.0,3266277.0,1554223.0,1569733.0,1586580.0,1601606.0,1619883.0,1644123.0,1677897.0,1718227.0,1744592.0,1753285.0,1753744.0,1752249.0,1750490.0,1750530.0,1754105.0,1761447.0,1774733.0,1788713.0,1803942.0,1821134.0,1831797.0,1844308.0
Isle of Man,39209.0,39640.0,40068.0,40483.0,40883.0,41273.0,41690.0,42148.0,42621.0,43108.0,43609.0,43889.0,43893.0,43834.0,43760.0,43673.0,43689.0,43860.0,44071.0,44275.0,44468.0,44640.0,36450.0,36836.0,37207.0,37566.0,37909.0,38243.0,38604.0,38999.0,39408.0,39831.0,40264.0,40493.0,40442.0,40307.0,40132.0,39920.0,39777.0,39749.0,39734.0,39682.0,39596.0,39466.0
Israel,5735757.0,5876682.0,6000381.0,6113918.0,6227239.0,6342289.0,6459778.0,6579915.0,6702316.0,6869011.0,7000447.0,7136149.0,7274496.0,7417238.0,7566988.0,7724692.0,7884198.0,8045513.0,8209306.0,8375041.0,8531985.0,8684851.0,553243.0,562318.0,569619.0,575782.0,581761.0,587811.0,593922.0,600185.0,606484.0,616589.0,623153.0,629651.0,636004.0,642262.0,648712.0,655408.0,661802.0,667787.0,673494.0,678959.0,683115.0,686549.0
Italy,38277624.0,38335252.0,38468265.0,38745023.0,39103415.0,39400947.0,39627810.0,39938971.0,40318077.0,40622180.0,40872806.0,41084771.0,41341756.0,41602348.0,41785360.0,41898725.0,41993489.0,42087980.0,42367512.0,42249963.0,42224765.0,42189154.0,18664484.0,18641729.0,18621559.0,18654161.0,18724764.0,18765735.0,18772051.0,18817276.0,18893104.0,18933274.0,18946601.0,18942070.0,18849491.0,18709265.0,18535347.0,18330880.0,18121734.0,17914272.0,17781146.0,17479118.0,17214086.0,16944019.0
Jamaica,1351219.0,1366080.0,1379725.0,1393053.0,1406258.0,1419066.0,1431459.0,1443307.0,1454699.0,1465852.0,1477163.0,1488734.0,1500772.0,1512934.0,1524940.0,1536713.0,1548207.0,1559314.0,1570061.0,1580608.0,1594017.0,1607604.0,1256607.0,1258323.0,1260847.0,1263570.0,1265967.0,1268000.0,1269509.0,1270493.0,1270936.0,1271143.0,1271405.0,1271760.0,1271658.0,1270753.0,1268809.0,1265821.0,1261708.0,1256450.0,1250036.0,1242663.0,1236722.0,1230078.0
Japan,99760751.0,101706485.0,104055019.0,106256267.0,108136910.0,109856670.0,111383848.0,112827761.0,114107975.0,115228215.0,116302928.0,116416235.0,116331281.0,116262976.0,116208079.0,116182717.0,116219897.0,116223820.0,116179166.0,116119928.0,115884871.0,115459909.0,27082249.0,25442515.0,23389981.0,21461733.0,19624090.0,17916330.0,16470152.0,15173239.0,13955025.0,12818785.0,11767072.0,11416765.0,11297719.0,11182024.0,11067921.0,10958283.0,10856103.0,10748180.0,10631834.0,10513072.0,10376129.0,10221684.0
Jordan,4216362.0,4304699.0,4397155.0,4496311.0,4606889.0,4792617.0,5204242.0,5623655.0,5849959.0,6065348.0,6281878.0,6520835.0,6690708.0,7122700.0,7912539.0,8614691.0,9056363.0,9287253.0,9518501.0,9733085.0,9932774.0,10139659.0,1170583.0,1194195.0,1218911.0,1245517.0,1275172.0,1236970.0,1223129.0,1203572.0,1139907.0,1076405.0,1015165.0,959589.0,896419.0,869109.0,879171.0,930038.0,950004.0,946973.0,943805.0,938806.0,932454.0,926697.0
Kazakhstan,8695809.0,8748942.0,8805941.0,8868452.0,8937905.0,9016078.0,9104397.0,9203046.0,9310883.0,9432594.0,9567854.0,9710555.0,9859808.0,10015282.0,10176306.0,10342517.0,10515732.0,10694271.0,10872686.0,11053178.0,11235532.0,11415949.0,6805294.0,6826608.0,6850736.0,6878928.0,6912254.0,6952039.0,6999319.0,7054168.0,7115642.0,7187252.0,7268956.0,7355447.0,7446298.0,7541220.0,7639979.0,7741652.0,7847868.0,7957660.0,8060041.0,8156377.0,8246585.0,8327654.0
Kenya,6095484.0,6399404.0,6718804.0,7049468.0,7397437.0,7758888.0,8135489.0,8527749.0,8939048.0,9367993.0,9805198.0,10248776.0,10698213.0,11154025.0,11614634.0,12081974.0,12566865.0,13067911.0,13570981.0,14084362.0,14618243.0,15163737.0,24547406.0,25219766.0,25911004.0,26602755.0,27316018.0,28037596.0,28768519.0,29508600.0,30267303.0,31040898.0,31793369.0,32509685.0,33190090.0,33832766.0,34436806.0,35006552.0,35572822.0,36129855.0,36636126.0,37118465.0,37599091.0,38055429.0
Kiribati,38066.0,39271.0,40127.0,40977.0,41828.0,42695.0,44037.0,45794.0,47636.0,49557.0,51515.0,53371.0,55111.0,56836.0,58554.0,60299.0,62142.0,64061.0,65995.0,67952.0,70103.0,72321.0,50547.0,51064.0,52137.0,53198.0,54257.0,55340.0,55980.0,56274.0,56586.0,56910.0,57189.0,57276.0,57173.0,57002.0,56772.0,56516.0,56336.0,56214.0,56089.0,55969.0,55996.0,56056.0
Kuwait,1935162.0,2006274.0,2059974.0,2109881.0,2157320.0,2236788.0,2364733.0,2507887.0,2651421.0,2795484.0,2943372.0,3132814.0,3337109.0,3507844.0,3665876.0,3834574.0,4004096.0,4154812.0,4323515.0,4442316.0,4400267.0,4360865.0,19547.0,1847.0,0.0,0.0,0.0,0.0,0.0,0.0,0.0,0.0,0.0,0.0,0.0,0.0,0.0,0.0,0.0,0.0,0.0,0.0,0.0,0.0
Kyrgyz Republic,1729024.0,1745413.0,1761469.0,1779935.0,1801555.0,1821896.0,1841512.0,1859055.0,1876714.0,1901682.0,1930200.0,1960829.0,2002135.0,2051870.0,2104549.0,2160944.0,2219663.0,2278925.0,2342487.0,2411424.0,2479154.0,2544956.0,3169338.0,3199660.0,3229235.0,3263373.0,3303158.0,3340744.0,3376861.0,3409330.0,3442015.0,3487961.0,3536859.0,3585758.0,3649941.0,3725280.0,3801299.0,3879092.0,3955675.0,4027771.0,4101592.0,4178787.0,4247442.0,4306268.0
Latvia,1611520.0,1588107.0,1567452.0,1551233.0,1536660.0,1522383.0,1507751.0,1494021.0,1476965.0,1452351.0,1423002.0,1397904.0,1381242.0,1367090.0,1354815.0,1344323.0,1332897.0,1322185.0,1313215.0,1305648.0,1298292.0,1289387.0,756030.0,749063.0,742721.0,736722.0,726462.0,716416.0,710606.0,706304.0,700357.0,689318.0,674553.0,661805.0,653077.0,645557.0,638967.0,633204.0,626640.0,620063.0,613959.0,608174.0,602157.0,595103.0
Lebanon,3723232.0,3790844.0,3849326.0,3908500.0,3978100.0,4046436.0,4122181.0,4209587.0,4287127.0,4352625.0,4402758.0,4458202.0,4588395.0,5042162.0,5581987.0,5702634.0,5581112.0,5447340.0,5301511.0,5143166.0,5070857.0,5094446.0,606108.0,611074.0,614178.0,617008.0,621179.0,624666.0,628955.0,634531.0,638227.0,639662.0,638530.0,637818.0,647347.0,701274.0,765003.0,769835.0,741948.0,712788.0,682608.0,651428.0,631541.0,623676.0
Lesotho,391725.0,401511.0,410844.0,419582.0,427518.0,434540.0,443863.0,455190.0,467958.0,481216.0,495030.0,509746.0,522910.0,536768.0,551265.0,566309.0,581967.0,598167.0,614750.0,631558.0,648987.0,666703.0,1612188.0,1599342.0,1583835.0,1565477.0,1543611.0,1518536.0,1501200.0,1498078.0,1498583.0,1499667.0,1501221.0,1504263.0,1511444.0,1519736.0,1528824.0,1538302.0,1548455.0,1558943.0,1568853.0,1577847.0,1586740.0,1594839.0
Liberia,1298064.0,1347042.0,1393178.0,1415051.0,1442889.0,1520150.0,1619586.0,1714987.0,1799234.0,1870770.0,1940677.0,2034312.0,2124555.0,2189747.0,2254624.0,2321329.0,2389883.0,2458260.0,2529277.0,2603317.0,2682304.0,2764984.0,1630053.0,1668296.0,1701604.0,1704481.0,1714003.0,1780865.0,1871201.0,1954063.0,2021769.0,2072258.0,2118213.0,2186866.0,2248488.0,2280492.0,2309669.0,2338102.0,2365725.0,2390665.0,2415449.0,2440404.0,2467159.0,2494339.0
Libya,4052346.0,4133892.0,4221039.0,4313899.0,4412607.0,4515961.0,4619892.0,4727049.0,4840689.0,4955637.0,5071693.0,4965269.0,4851514.0,4965273.0,5078108.0,5177773.0,5275193.0,5378684.0,5486230.0,5588144.0,5685003.0,5779064.0,1252675.0,1269747.0,1287371.0,1305499.0,1324086.0,1342837.0,1360319.0,1377331.0,1394741.0,1411049.0,1426146.0,1377934.0,1327814.0,1339355.0,1349144.0,1354046.0,1356933.0,1360086.0,1362825.0,1362889.0,1360396.0,1356111.0
Liechtenstein,4939.0,4966.0,5022.0,5061.0,5096.0,5122.0,5145.0,5158.0,5170.0,5189.0,5210.0,5233.0,5267.0,5301.0,5331.0,5363.0,5395.0,5434.0,5484.0,5542.0,5608.0,5670.0,27706.0,28228.0,28672.0,29018.0,29351.0,29631.0,29892.0,30104.0,30303.0,30553.0,30812.0,31079.0,31390.0,31683.0,31917.0,32131.0,32321.0,32528.0,32762.0,33021.0,33293.0,33512.0
Lithuania,2344199.0,2322637.0,2300933.0,2279211.0,2250685.0,2213967.0,2181225.0,2157761.0,2137953.0,2114156.0,2067653.0,2020994.0,1998658.0,1983623.0,1971132.0,1957139.0,1938339.0,1919236.0,1908006.0,1907464.0,1912344.0,1916691.0,1155337.0,1148181.0,1142134.0,1136002.0,1126390.0,1108561.0,1088684.0,1073533.0,1060278.0,1048760.0,1029629.0,1007121.0,990481.0,977627.0,966121.0,953970.0,938986.0,923403.0,911194.0,903625.0,898025.0,891689.0
Luxembourg,367434.0,374603.0,380583.0,387241.0,394773.0,402818.0,411237.0,419557.0,429035.0,438935.0,448892.0,460842.0,473864.0,486709.0,500042.0,513663.0,526490.0,541038.0,553119.0,565584.0,576537.0,586759.0,68866.0,66922.0,65592.0,64389.0,63322.0,62340.0,61400.0,60436.0,59615.0,58848.0,58061.0,57505.0,57082.0,56651.0,56277.0,55941.0,55524.0,55298.0,54831.0,54417.0,53882.0,53305.0
Madagascar,4479396.0,4665492.0,4854832.0,5048553.0,5249110.0,5520678.0,5805820.0,6104312.0,6417342.0,6744514.0,7084915.0,7435505.0,7795864.0,8167745.0,8552120.0,8948419.0,9358399.0,9783650.0,10225638.0,10684205.0,11156963.0,11640983.0,12036942.0,12367447.0,12695081.0,13023301.0,13357498.0,13639029.0,13925089.0,14214271.0,14506498.0,14802766.0,15098425.0,15386795.0,15666574.0,15941545.0,16212228.0,16478283.0,16741553.0,17004725.0,17269288.0,17535349.0,17796593.0,18050100.0
Malawi,1653259.0,1703948.0,1756642.0,1812009.0,1870610.0,1932938.0,1998811.0,2068356.0,2142026.0,2221126.0,2304625.0,2392334.0,2483998.0,2580396.0,2681387.0,2787172.0,2898080.0,3015158.0,3138101.0,3267483.0,3404171.0,3547362.0,9662683.0,9889110.0,10123798.0,10369565.0,10630127.0,10907093.0,11199890.0,11507987.0,11834391.0,12174662.0,12521838.0,12872688.0,13225579.0,13581420.0,13940151.0,14298415.0,14659659.0,15024557.0,15389980.0,15758269.0,16129717.0,16499896.0
Malaysia,14234763.0,14803368.0,15390878.0,15987446.0,16592184.0,17205273.0,17827598.0,18456099.0,19085373.0,19708438.0,20320384.0,20882645.0,21438811.0,22006091.0,22585297.0,23178796.0,23791400.0,24411363.0,25024183.0,25617837.0,26149183.0,26636053.0,8733053.0,8723170.0,8711599.0,8692156.0,8664588.0,8630798.0,8590311.0,8542290.0,8484686.0,8416340.0,8335392.0,8279394.0,8224020.0,8168174.0,8110840.0,8054002.0,7998285.0,7944281.0,7886784.0,7822759.0,7740375.0,7646346.0
Maldives,78136.0,82758.0,87607.0,92659.0,97929.0,103420.0,109201.0,114217.0,119710.0,125452.0,131451.0,137695.0,144155.0,150766.0,157613.0,164963.0,172686.0,180473.0,188331.0,196253.0,204206.0,212150.0,203883.0,204009.0,204009.0,203832.0,203484.0,203009.0,204650.0,210262.0,216460.0,222823.0,229341.0,235979.0,242663.0,249304.0,256004.0,263191.0,270622.0,277814.0,284768.0,291478.0,297912.0,304004.0
Mali,3277752.0,3463460.0,3662576.0,3874873.0,4101054.0,4340490.0,4593242.0,4859547.0,5140077.0,5433310.0,5740112.0,6060445.0,6375675.0,6704143.0,7063224.0,7435535.0,7826783.0,8236665.0,8658426.0,9088067.0,9534328.0,10002568.0,8281538.0,8448698.0,8625474.0,8810082.0,9001355.0,9198157.0,9396897.0,9598228.0,9800705.0,10002229.0,10205086.0,10408604.0,10581358.0,10755472.0,10957043.0,11157487.0,11364506.0,11576346.0,11783604.0,11980338.0,12179508.0,12386062.0
Malta,360316.0,364105.0,367875.0,371319.0,374812.0,378170.0,380114.0,381739.0,384526.0,387733.0,389936.0,391879.0,395713.0,400507.0,408976.0,419406.0,429416.0,441630.0,457830.0,477094.0,488396.0,491258.0,29771.0,28923.0,28094.0,27263.0,26456.0,25664.0,25194.0,24985.0,24853.0,24744.0,24572.0,24389.0,24315.0,24303.0,24505.0,24814.0,25089.0,25476.0,26073.0,26818.0,27094.0,26892.0
Marshall Islands,34774.0,35327.0,35801.0,36214.0,36584.0,36925.0,37244.0,37531.0,37781.0,38022.0,38288.0,38431.0,38306.0,37983.0,37538.0,36996.0,36368.0,35657.0,34883.0,34069.0,33223.0,32333.0,15932.0,15796.0,15624.0,15425.0,15207.0,14981.0,14748.0,14504.0,14249.0,13997.0,13756.0,13476.0,13113.0,12698.0,12258.0,11804.0,11341.0,10872.0,10402.0,9938.0,9483.0,9034.0
Mauritania,995486.0,1034430.0,1081221.0,1130654.0,1182721.0,1237667.0,1295814.0,1357544.0,1425723.0,1500533.0,1579783.0,1663590.0,1751612.0,1841243.0,1932069.0,2026169.0,2123509.0,2224207.0,2328122.0,2435214.0,2545114.0,2657827.0,1617955.0,1644330.0,1657434.0,1671392.0,1685943.0,1701392.0,1717846.0,1735515.0,1757546.0,1783915.0,1811182.0,1839221.0,1867422.0,1893075.0,1916445.0,1939790.0,1963148.0,1986393.0,2009563.0,2032494.0,2055017.0,2077047.0
Mauritius,506439.0,509128.0,511325.0,513680.0,515544.0,517242.0,518278.0,519269.0,519756.0,519754.0,519604.0,519046.0,519081.0,518955.0,518495.0,517780.0,516999.0,516592.0,516267.0,516091.0,516027.0,516348.0,680434.0,687159.0,693296.0,699690.0,705459.0,711012.0,715718.0,720361.0,724365.0,727675.0,730796.0,733358.0,736801.0,739972.0,742713.0,745099.0,746748.0,748295.0,749310.0,749894.0,749987.0,749986.0
Mexico,73694985.0,75119369.0,76532120.0,77936200.0,79336408.0,80742642.0,82173469.0,83669238.0,85233233.0,86822184.0,88416434.0,90017853.0,91591316.0,93135209.0,94621181.0,95992178.0,97283958.0,98555924.0,99853304.0,101168773.0,102366144.0,103415424.0,24930567.0,24979730.0,25016504.0,25042315.0,25057723.0,25068862.0,25080197.0,25105122.0,25141055.0,25177537.0,25207461.0,25225651.0,25226892.0,25208364.0,25163080.0,25080128.0,24967393.0,24844133.0,24720407.0,24594209.0,24432910.0,24232724.0
Moldova,1304080.0,1289495.0,1274866.0,1259669.0,1245000.0,1235763.0,1231441.0,1227699.0,1224475.0,1222042.0,1219935.0,1218343.0,1217297.0,1216084.0,1214457.0,1205007.0,1191662.0,1172526.0,1154054.0,1138316.0,1129127.0,1116146.0,1620588.0,1628640.0,1636519.0,1643529.0,1651023.0,1653222.0,1649526.0,1646600.0,1644358.0,1643171.0,1642419.0,1642356.0,1643027.0,1643474.0,1643358.0,1630971.0,1611524.0,1582663.0,1553149.0,1525908.0,1506003.0,1479663.0
Monaco,32455.0,32447.0,32422.0,32374.0,32307.0,32210.0,32057.0,31837.0,31836.0,32364.0,33163.0,33946.0,34711.0,35447.0,36128.0,36757.0,37276.0,37678.0,38154.0,38109.0,38050.0,38527.0,0.0,0.0,0.0,0.0,0.0,0.0,0.0,0.0,0.0,0.0,0.0,0.0,0.0,0.0,0.0,0.0,0.0,0.0,0.0,0.0,0.0,0.0
Mongolia,1364507.0,1407663.0,1452371.0,1497600.0,1541244.0,1585102.0,1631050.0,1679858.0,1733438.0,1791744.0,1850405.0,1893665.0,1931851.0,1974140.0,2019747.0,2065229.0,2109596.0,2152694.0,2195845.0,2239761.0,2284358.0,2327506.0,1023792.0,1010088.0,996656.0,982774.0,967168.0,951305.0,936118.0,921992.0,909763.0,899371.0,888217.0,892652.0,907854.0,924871.0,943366.0,961635.0,979260.0,996223.0,1012344.0,1027912.0,1042846.0,1056235.0
Montenegro,354162.0,361755.0,369361.0,376961.0,381058.0,383698.0,386254.0,388857.0,391621.0,394521.0,397301.0,399949.0,402704.0,405534.0,408371.0,411058.0,413615.0,416134.0,418542.0,420865.0,422873.0,423948.0,250788.0,245634.0,240467.0,235306.0,232295.0,230563.0,228771.0,227018.0,225348.0,223773.0,222127.0,220396.0,218714.0,217053.0,215373.0,213593.0,211738.0,209848.0,207896.0,205888.0,203717.0,201105.0
Morocco,15159639.0,15462514.0,15764077.0,16062305.0,16367527.0,16749802.0,17153701.0,17563283.0,17979825.0,18402323.0,18836713.0,19280523.0,19726957.0,20171180.0,20610432.0,21044528.0,21490393.0,21944152.0,22383005.0,22810693.0,23242679.0,23674863.0,13263796.0,13352129.0,13434065.0,13509110.0,13585491.0,13608342.0,13617477.0,13623185.0,13626942.0,13628455.0,13630303.0,13632065.0,13628284.0,13616391.0,13594348.0,13563060.0,13533064.0,13502240.0,13456755.0,13400205.0,13341529.0,13279579.0
Mozambique,5275366.0,5427291.0,5584558.0,5747348.0,5915985.0,6091168.0,6273959.0,6463777.0,6727245.0,7014886.0,7320657.0,7647153.0,7994009.0,8357217.0,8736620.0,9132365.0,9547757.0,9986395.0,10443230.0,10916166.0,11412744.0,11931011.0,12854287.0,13110438.0,13373780.0,13645127.0,13924328.0,14213401.0,14513128.0,14823858.0,15091791.0,15376859.0,15678578.0,16001886.0,16343837.0,16694394.0,17051855.0,17415207.0,17789348.0,18179998.0,18575414.0,18968214.0,19370944.0,19776789.0
Myanmar,12239850.0,12453411.0,12663586.0,12868478.0,13066291.0,13257125.0,13442914.0,13628531.0,13794763.0,13963119.0,14160693.0,14368813.0,14585427.0,14805871.0,15027104.0,15254170.0,15490935.0,15735583.0,15984330.0,16240713.0,16509875.0,16789176.0,33050991.0,33317728.0,33569067.0,33798714.0,34002481.0,34181240.0,34342221.0,34496512.0,34596030.0,34697340.0,34863689.0,35051007.0,35252019.0,35456787.0,35654530.0,35834886.0,36004761.0,36159355.0,36287917.0,36400000.0,36506647.0,36597926.0
Namibia,588751.0,610932.0,638167.0,665533.0,692663.0,720398.0,749149.0,779139.0,810573.0,843443.0,878019.0,915129.0,958910.0,1008132.0,1059561.0,1113547.0,1169871.0,1228483.0,1289488.0,1352865.0,1419857.0,1489731.0,1229896.0,1246116.0,1251803.0,1251931.0,1249419.0,1246184.0,1242739.0,1239461.0,1236483.0,1233951.0,1231792.0,1231196.0,1235744.0,1244376.0,1252578.0,1260753.0,1269342.0,1278370.0,1287839.0,1297629.0,1308905.0,1320817.0
Nauru,10168.0,10130.0,10082.0,10059.0,10060.0,10049.0,10034.0,10020.0,10009.0,10016.0,10043.0,10098.0,10267.0,10517.0,10742.0,10954.0,11150.0,11324.0,11477.0,11587.0,11643.0,11709.0,0.0,0.0,0.0,0.0,0.0,0.0,0.0,0.0,0.0,0.0,0.0,0.0,0.0,0.0,0.0,0.0,0.0,0.0,0.0,0.0,0.0,0.0
Nepal,3288496.0,3479323.0,3606847.0,3734632.0,3861132.0,3985620.0,4107546.0,4227492.0,4346745.0,4465617.0,4584699.0,4698626.0,4807045.0,4915158.0,5031390.0,5163231.0,5295324.0,5416257.0,5542931.0,5726286.0,5960162.0,6192110.0,21258013.0,21467425.0,21722134.0,21954126.0,22155524.0,22323838.0,22457879.0,22561000.0,22643292.0,22707418.0,22757253.0,22765868.0,22727870.0,22674838.0,22640980.0,22660398.0,22660138.0,22595001.0,22536758.0,22687778.0,23006412.0,23282900.0
Netherlands,12229998.0,12488742.0,12775902.0,13035570.0,13271929.0,13485107.0,13671225.0,13848922.0,14044865.0,14263741.0,14477657.0,14669707.0,14842886.0,14987369.0,15126226.0,15275237.0,15435425.0,15602670.0,15765213.0,15935776.0,16087342.0,16230689.0,3695515.0,3557438.0,3373027.0,3189732.0,3009850.0,2834761.0,2674876.0,2532774.0,2400728.0,2266647.0,2137737.0,2023367.0,1912076.0,1817063.0,1738782.0,1664686.0,1594889.0,1528626.0,1466411.0,1409098.0,1354158.0,1302355.0
New Caledonia,138140.0,141807.0,145454.0,149076.0,152558.0,156318.0,160009.0,163738.0,167446.0,171390.0,175527.0,180090.0,184776.0,189565.0,193851.0,196459.0,197889.0,199208.0,200415.0,201655.0,203237.0,205140.0,84958.0,85900.0,86782.0,87602.0,88294.0,88063.0,87538.0,86987.0,86379.0,85860.0,86055.0,86453.0,86857.0,87257.0,87373.0,86709.0,85534.0,84338.0,83126.0,81951.0,80939.0,80074.0
New Zealand,3318432.0,3341111.0,3402067.0,3472292.0,3526736.0,3569251.0,3615494.0,3646829.0,3675355.0,3709702.0,3748563.0,3774624.0,3798063.0,3830023.0,3896881.0,3979802.0,4072982.0,4162127.0,4240881.0,4312734.0,4413152.0,4436046.0,539268.0,539389.0,546433.0,554908.0,560764.0,564649.0,569106.0,576971.0,584445.0,592898.0,602137.0,609376.0,610037.0,612077.0,619619.0,629598.0,641118.0,651473.0,659719.0,666466.0,677048.0,675254.0
Nicaragua,2771740.0,2815348.0,2857376.0,2899015.0,2941336.0,2988106.0,3041712.0,3096487.0,3152169.0,3208481.0,3265584.0,3323435.0,3381969.0,3441010.0,3500366.0,3560205.0,3620556.0,3682300.0,3745455.0,3809797.0,3874295.0,3938803.0,2250893.0,2272477.0,2292533.0,2311948.0,2331576.0,2353999.0,2377143.0,2400756.0,2424424.0,2448120.0,2471866.0,2495616.0,2519318.0,2542835.0,2566126.0,2589212.0,2612110.0,2633931.0,2654625.0,2673860.0,2690972.0,2705938.0
Niger,1862949.0,1938297.0,2007353.0,2079638.0,2155300.0,2234281.0,2316932.0,2403218.0,2493085.0,2586861.0,2684387.0,2785306.0,2891697.0,3001705.0,3116628.0,3239570.0,3369709.0,3504695.0,3644390.0,3790281.0,3943290.0,4104353.0,9646681.0,9982350.0,10341791.0,10717346.0,11110536.0,11521911.0,11951649.0,12400392.0,12868830.0,13356814.0,13864448.0,14390977.0,14945072.0,15518193.0,16099281.0,16699928.0,17316044.0,17930751.0,18543679.0,19157476.0,19774323.0,20397787.0
Nigeria,44031661.0,46320689.0,48727954.0,51253420.0,53900718.0,56664041.0,59545960.0,62562163.0,65720273.0,69013626.0,72456327.0,76034272.0,79723735.0,83496382.0,87338089.0,91213613.0,95147856.0,99164065.0,103174367.0,107166569.0,111188136.0,115265457.0,82350833.0,83541906.0,84744035.0,85949224.0,87156327.0,88353212.0,89531374.0,90705098.0,91874741.0,93035838.0,94186559.0,95345326.0,96476890.0,97553061.0,98558826.0,99458265.0,100295844.0,101090514.0,101764388.0,102319072.0,102808045.0,103263829.0
North Macedonia,1186387.0,1187130.0,1174317.0,1171583.0,1163561.0,1153706.0,1144382.0,1135507.0,1127201.0,1118798.0,1111122.0,1106099.0,1102410.0,1099582.0,1098453.0,1097888.0,1097331.0,1096436.0,1094951.0,1092135.0,1085498.0,1079966.0,839963.0,847752.0,845840.0,851142.0,852625.0,851624.0,849905.0,847426.0,844292.0,839984.0,835176.0,831299.0,827411.0,823134.0,819104.0,814542.0,808982.0,802221.0,794100.0,784127.0,770626.0,757148.0
Northern Mariana Islands,61624.0,61345.0,60311.0,59139.0,57850.0,56467.0,55001.0,53469.0,51889.0,50275.0,49195.0,48798.0,48500.0,48110.0,47624.0,47062.0,46428.0,45727.0,44963.0,44138.0,43630.0,43169.0,6732.0,6639.0,6467.0,6282.0,6088.0,5887.0,5681.0,5472.0,5261.0,5050.0,4896.0,4810.0,4734.0,4648.0,4554.0,4452.0,4345.0,4232.0,4114.0,3991.0,3898.0,3810.0
Norway,3414033.0,3447513.0,3482266.0,3518773.0,3554092.0,3591141.0,3632998.0,3684159.0,3744286.0,3805760.0,3867496.0,3935476.0,4008535.0,4078226.0,4145335.0,4207493.0,4265348.0,4320306.0,4368945.0,4418218.0,4463566.0,4506374.0,1076934.0,1066238.0,1055893.0,1046082.0,1037818.0,1032150.0,1027679.0,1024994.0,1023926.0,1022966.0,1021756.0,1017612.0,1010038.0,1001397.0,991897.0,981114.0,969171.0,956662.0,942971.0,929678.0,915909.0,901946.0
Oman,1633298.0,1652937.0,1671733.0,1690327.0,1727311.0,1780897.0,1834970.0,1889772.0,1945733.0,2003400.0,2072524.0,2343970.0,2751277.0,3024267.0,3207755.0,3404412.0,3622474.0,3791448.0,3886999.0,3922894.0,3901830.0,3917349.0,648833.0,657280.0,665407.0,673469.0,677510.0,678905.0,679825.0,680402.0,680796.0,681259.0,684922.0,732793.0,795829.0,809646.0,794684.0,780483.0,768403.0,745948.0,710878.0,668347.0,620667.0,583075.0
Pakistan,51082234.0,52846087.0,54483687.0,56115621.0,57862124.0,59622511.0,61422731.0,63441687.0,65547743.0,67629427.0,69727689.0,71722690.0,73530776.0,75169776.0,76747454.0,78281214.0,79765118.0,81365499.0,83205748.0,85181688.0,87338399.0,89660489.0,103796893.0,106424820.0,108738862.0,110994627.0,113423876.0,115830701.0,118259959.0,121051544.0,123951370.0,126747107.0,129511358.0,132023375.0,134136349.0,135904202.0,137517193.0,139009669.0,140373751.0,141908468.0,143723144.0,145619211.0,147663347.0,149817312.0
Palau,13489.0,13564.0,13622.0,13683.0,13950.0,14102.0,14089.0,14024.0,13951.0,13865.0,13763.0,13651.0,13536.0,13565.0,13732.0,13889.0,14020.0,14136.0,14239.0,14322.0,14409.0,14490.0,5689.0,5788.0,5881.0,5976.0,5870.0,5717.0,5504.0,5278.0,5058.0,4844.0,4633.0,4427.0,4229.0,4083.0,3983.0,3881.0,3777.0,3676.0,3575.0,3476.0,3383.0,3293.0
Panama,1872389.0,1918369.0,1965040.0,2012481.0,2060810.0,2109801.0,2159205.0,2209206.0,2260018.0,2311537.0,2363628.0,2416919.0,2471372.0,2526706.0,2583226.0,2641185.0,2700575.0,2761094.0,2822016.0,2882094.0,2937192.0,2988552.0,1137980.0,1151168.0,1164304.0,1177326.0,1190345.0,1203225.0,1215819.0,1228284.0,1240630.0,1252844.0,1264907.0,1276586.0,1287884.0,1298623.0,1308875.0,1318850.0,1328511.0,1337613.0,1345844.0,1352606.0,1356069.0,1356853.0
Papua New Guinea,731114.0,755122.0,779836.0,805061.0,830682.0,856792.0,883344.0,910318.0,937741.0,965577.0,993808.0,1021715.0,1049126.0,1077524.0,1107025.0,1137671.0,1169504.0,1202595.0,1237163.0,1273194.0,1309911.0,1347335.0,4805950.0,4973313.0,5144167.0,5318936.0,5497359.0,5679113.0,5864376.0,6053027.0,6245261.0,6440861.0,6639715.0,6837631.0,7032264.0,7225174.0,7416416.0,7605575.0,7792214.0,7976119.0,8157350.0,8335816.0,8505835.0,8665561.0
Paraguay,2822361.0,2903342.0,2977912.0,3034843.0,3087694.0,3139902.0,3190784.0,3240344.0,3290228.0,3342456.0,3400379.0,3464587.0,3532721.0,3601252.0,3670658.0,3741655.0,3813592.0,3885599.0,3958303.0,4031453.0,4106403.0,4177346.0,2278507.0,2284347.0,2283416.0,2291593.0,2300481.0,2308195.0,2314364.0,2319042.0,2323346.0,2328780.0,2337592.0,2350039.0,2364287.0,2381193.0,2399153.0,2417448.0,2435534.0,2453061.0,2469079.0,2483605.0,2497336.0,2506836.0
Peru,19427953.0,19804960.0,20152348.0,20478238.0,20789989.0,21085439.0,21362614.0,21627126.0,21841405.0,22031218.0,22230444.0,22451912.0,22695863.0,22956518.0,23241286.0,23561086.0,23933571.0,24345508.0,24850451.0,25342581.0,25711622.0,26027367.0,7170378.0,7159641.0,7135869.0,7102252.0,7062201.0,7015741.0,6961877.0,6903573.0,6877636.0,6865593.0,6855575.0,6852174.0,6854503.0,6861401.0,6874540.0,6896514.0,6932923.0,6979129.0,7047133.0,7106722.0,7126957.0,7128515.0
Philippines,36735177.0,37485385.0,38182615.0,38874966.0,39564363.0,40232096.0,40838475.0,41475639.0,42136374.0,42823078.0,43671546.0,44724734.0,45792230.0,46856101.0,47829383.0,48743065.0,49605425.0,50472435.0,51346882.0,52243300.0,53135486.0,53931057.0,42890220.0,43916103.0,44886274.0,45856869.0,46830141.0,47783866.0,48670511.0,49599545.0,50562721.0,51561172.0,52665579.0,53523880.0,54383282.0,55220235.0,55937747.0,56569927.0,57130294.0,57647258.0,58118405.0,58561383.0,58945778.0,59169893.0
Poland,23611695.0,23622394.0,23621395.0,23563051.0,23506503.0,23453429.0,23396235.0,23340838.0,23300939.0,23274004.0,23165018.0,23134846.0,23086831.0,23025350.0,22960228.0,22897449.0,22849639.0,22824769.0,22806875.0,22793332.0,22525581.0,22216672.0,14646934.0,14625682.0,14608969.0,14641519.0,14675719.0,14712016.0,14745032.0,14779722.0,14824820.0,14877599.0,14877776.0,14928409.0,14976333.0,15014846.0,15051507.0,15088963.0,15120448.0,15150057.0,15167875.0,15172143.0,14990167.0,14764887.0
Portugal,5597602.0,5704057.0,5800192.0,5886957.0,5966051.0,6041725.0,6117343.0,6193886.0,6267228.0,6337144.0,6403809.0,6457743.0,6494283.0,6520333.0,6546012.0,6578828.0,6617169.0,6659350.0,6706183.0,6764658.0,6827994.0,6926780.0,4692296.0,4658665.0,4619439.0,4571864.0,4517810.0,4461605.0,4404945.0,4349078.0,4290949.0,4231103.0,4169291.0,4099817.0,4020561.0,3936962.0,3855050.0,3779248.0,3708283.0,3640950.0,3577639.0,3521605.0,3469087.0,3435051.0
Qatar,621195.0,654238.0,687678.0,721359.0,750828.0,803914.0,950174.0,1183420.0,1400383.0,1582131.0,1592596.0,1602047.0,1699995.0,1893141.0,2127387.0,2319822.0,2452713.0,2522348.0,2558411.0,2617231.0,2772773.0,2486825.0,23794.0,23687.0,23527.0,23323.0,22504.0,21494.0,22657.0,25175.0,26555.0,26772.0,24236.0,22714.0,22443.0,23285.0,24358.0,24735.0,24400.0,23472.0,22323.0,21426.0,21375.0,18085.0
Romania,11895672.0,11697189.0,11469356.0,11415407.0,11378651.0,11336529.0,11297334.0,11159030.0,11001524.0,10936933.0,10898688.0,10871606.0,10826124.0,10778604.0,10730940.0,10678041.0,10619522.0,10565369.0,10515554.0,10476962.0,10440610.0,10388823.0,10547299.0,10434781.0,10261140.0,10158919.0,10073097.0,9983156.0,9896426.0,9723952.0,9536351.0,9430554.0,9348183.0,9275922.0,9231911.0,9205089.0,9178039.0,9137575.0,9082745.0,9023346.0,8958416.0,8894686.0,8824640.0,8733236.0
Russian Federation,107528803.0,107067910.0,106569238.0,106133030.0,105771342.0,105433226.0,105152927.0,105037446.0,105055527.0,105149986.0,105261487.0,105450176.0,105800390.0,106219158.0,106663426.0,107106450.0,107549266.0,107941269.0,108224172.0,108489246.0,108576558.0,108464539.0,39068066.0,38908572.0,38737259.0,38515588.0,38295974.0,38085588.0,37896710.0,37767668.0,37686839.0,37635362.0,37587981.0,37568019.0,37578057.0,37586480.0,37573797.0,37534266.0,37466194.0,37351991.0,37173934.0,36964045.0,36668590.0,36282223.0
Rwanda,1226011.0,1311764.0,1409298.0,1451525.0,1490752.0,1531302.0,1573153.0,1615944.0,1659373.0,1703231.0,1747174.0,1790979.0,1834910.0,1879988.0,1928258.0,1979269.0,2032936.0,2089603.0,2149309.0,2211927.0,2277637.0,2346252.0,6987920.0,6975330.0,6990882.0,7135350.0,7326092.0,7523226.0,7726093.0,7933989.0,8144896.0,8357201.0,8570379.0,8782754.0,8994991.0,9213352.0,9436499.0,9660753.0,9886247.0,10112457.0,10338687.0,10564176.0,10788200.0,11009008.0
Samoa,39929.0,40421.0,40475.0,40235.0,39963.0,39673.0,39383.0,39166.0,39018.0,38877.0,38755.0,38664.0,38561.0,38434.0,38305.0,38165.0,38016.0,37903.0,37869.0,37878.0,37915.0,37929.0,141756.0,142745.0,143996.0,145195.0,146286.0,147305.0,148326.0,149587.0,151089.0,152636.0,154268.0,156049.0,157937.0,159834.0,161732.0,163617.0,165483.0,167512.0,169713.0,171902.0,174029.0,175850.0
San Marino,25041.0,25447.0,25821.0,26165.0,27735.0,28181.0,28595.0,29653.0,30162.0,31581.0,31853.0,31302.0,32187.0,31842.0,31531.0,31824.0,32078.0,32835.0,33564.0,33751.0,33900.0,33437.0,1758.0,1696.0,1670.0,1678.0,1722.0,1655.0,1589.0,1558.0,1500.0,1485.0,1417.0,1318.0,1282.0,1199.0,1124.0,1073.0,1023.0,990.0,958.0,912.0,870.0,815.0
Sao Tome and Principe,76940.0,79594.0,83289.0,87314.0,91425.0,95634.0,99959.0,104399.0,108933.0,113511.0,118084.0,122647.0,127227.0,131742.0,136188.0,140552.0,144807.0,148952.0,153022.0,157052.0,161672.0,166633.0,67078.0,66781.0,66633.0,66500.0,66280.0,66005.0,65679.0,65301.0,64860.0,64342.0,63718.0,63002.0,62212.0,61406.0,60579.0,59739.0,58882.0,58018.0,57165.0,56340.0,55763.0,55328.0
Saudi Arabia,12917587.0,13646239.0,14383177.0,15128983.0,15883892.0,16649193.0,17425683.0,18213846.0,19014319.0,19826267.0,19682501.0,20651108.0,21594544.0,22856101.0,23485373.0,24801267.0,25816111.0,25903884.0,25317770.0,25273133.0,26594664.0,26015266.0,3260135.0,3395158.0,3527733.0,3657784.0,3785588.0,3910697.0,4033461.0,4154467.0,4273558.0,4391387.0,4295986.0,4440759.0,4574317.0,4767903.0,4823900.0,5015115.0,5138087.0,5073471.0,4878511.0,4790666.0,4957846.0,4769117.0
Senegal,4019202.0,4132565.0,4250016.0,4384747.0,4533624.0,4686765.0,4844300.0,5006516.0,5174666.0,5349368.0,5530899.0,5726277.0,5936880.0,6172487.0,6430149.0,6692793.0,6960382.0,7233016.0,7510370.0,7792658.0,8079308.0,8369341.0,5949058.0,6080377.0,6216198.0,6336429.0,6442080.0,6548707.0,6655794.0,6763828.0,6874293.0,6988021.0,7104514.0,7232620.0,7373615.0,7538362.0,7721953.0,7900538.0,8074139.0,8241986.0,8404128.0,8560264.0,8709911.0,8851526.0
Serbia,3966301.0,3976219.0,3991141.0,3997403.0,4004805.0,4009310.0,4010029.0,4010264.0,4009546.0,4009752.0,4009779.0,3995644.0,3986461.0,3975215.0,3964061.0,3951845.0,3939250.0,3927608.0,3916682.0,3907389.0,3894281.0,3871714.0,3550045.0,3527214.0,3508890.0,3483188.0,3458352.0,3431459.0,3401540.0,3371315.0,3340676.0,3311055.0,3281657.0,3240875.0,3215036.0,3191338.0,3167726.0,3143538.0,3119072.0,3093250.0,3065922.0,3037846.0,3004845.0,2962612.0
Seychelles,40917.0,41126.0,42595.0,42320.0,42382.0,42813.0,43966.0,44460.0,45755.0,46241.0,47880.0,46973.0,47790.0,49055.0,50219.0,51754.0,52859.0,53922.0,54855.0,55762.0,56661.0,57542.0,40214.0,40076.0,41128.0,40461.0,40093.0,40045.0,40634.0,40573.0,41201.0,41057.0,41890.0,40468.0,40513.0,40894.0,41140.0,41665.0,41818.0,41921.0,41907.0,41863.0,41801.0,41716.0
Sierra Leone,1575956.0,1683136.0,1795135.0,1882193.0,1959978.0,2031177.0,2098095.0,2166873.0,2244533.0,2329365.0,2417898.0,2506868.0,2596979.0,2688037.0,2780260.0,2873404.0,2970613.0,3072445.0,3177071.0,3284859.0,3396307.0,3510791.0,2847655.0,3009580.0,3176300.0,3295494.0,3395739.0,3470535.0,3526371.0,3582479.0,3650189.0,3726281.0,3804816.0,3880383.0,3954101.0,4026014.0,4096125.0,4164251.0,4234715.0,4306854.0,4377492.0,4447132.0,4516251.0,4583811.0
Singapore,4027887.0,4138012.0,4175950.0,4114826.0,4166664.0,4265762.0,4401365.0,4588599.0,4839396.0,4987573.0,5076732.0,5183688.0,5312437.0,5399162.0,5469724.0,5535002.0,5607283.0,5612253.0,5638676.0,5703569.0,5685807.0,5453566.0,0.0,0.0,0.0,0.0,0.0,0.0,0.0,0.0,0.0,0.0,0.0,0.0,0.0,0.0,0.0,0.0,0.0,0.0,0.0,0.0,0.0,0.0
Sint Maarten (Dutch part),30773.0,30726.0,30960.0,31327.0,31690.0,32057.0,32428.0,32791.0,33145.0,33491.0,33794.0,34267.0,35023.0,35854.0,36672.0,37471.0,38249.0,38996.0,39712.0,40385.0,41008.0,41571.0,0.0,0.0,0.0,0.0,0.0,0.0,0.0,0.0,0.0,0.0,0.0,0.0,0.0,0.0,0.0,0.0,0.0,0.0,0.0,0.0,0.0,0.0
Slovak Republic,3030239.0,3020933.0,3011770.0,3001728.0,2993058.0,2985293.0,2977317.0,2970070.0,2964549.0,2960369.0,2948302.0,2937801.0,2935234.0,2930811.0,2926070.0,2922832.0,2922095.0,2923642.0,2926332.0,2930459.0,2934665.0,2931708.0,2358481.0,2357934.0,2365142.0,2371646.0,2379222.0,2387514.0,2395737.0,2404552.0,2414684.0,2426037.0,2443126.0,2460583.0,2472345.0,2482582.0,2492579.0,2500969.0,2508703.0,2515590.0,2520439.0,2523688.0,2524162.0,2515539.0
Slovenia,1009459.0,1011568.0,1014358.0,1019460.0,1024627.0,1030904.0,1038715.0,1049080.0,1055309.0,1069460.0,1078743.0,1085605.0,1092516.0,1098614.0,1104335.0,1109788.0,1115536.0,1121491.0,1131123.0,1144894.0,1158811.0,1168445.0,979466.0,980492.0,980172.0,976273.0,972385.0,969570.0,968153.0,969042.0,966007.0,970209.0,969840.0,967238.0,964643.0,961339.0,957645.0,953743.0,949506.0,944897.0,942771.0,943491.0,943608.0,939634.0
Solomon Islands,69651.0,72763.0,75960.0,79251.0,82644.0,86143.0,89760.0,93499.0,97372.0,101499.0,106849.0,113398.0,120285.0,127515.0,135078.0,142973.0,151175.0,159666.0,168404.0,176284.0,183668.0,191624.0,370818.0,376362.0,381711.0,386903.0,391967.0,396937.0,401834.0,406657.0,411418.0,416642.0,426119.0,439547.0,453321.0,467430.0,481830.0,496442.0,511204.0,526006.0,540697.0,551863.0,560830.0,570967.0
Somalia,2938607.0,3092257.0,3246066.0,3444027.0,3652941.0,3865026.0,4071911.0,3895421.0,4199993.0,4502794.0,4820096.0,5063020.0,5178609.0,5420287.0,5693161.0,5970821.0,6287044.0,6621641.0,6949138.0,7302749.0,7683026.0,8071112.0,5900106.0,6106236.0,6303997.0,6465130.0,6628057.0,6779202.0,6903591.0,7427161.0,7463091.0,7458407.0,7441660.0,7285810.0,7282551.0,7449307.0,7646330.0,7836142.0,8061696.0,8294988.0,8503349.0,8728222.0,8968165.0,9200319.0
South Africa,26829636.0,27288122.0,27802281.0,28346513.0,28901509.0,29464386.0,30037465.0,30628406.0,31258622.0,31909770.0,32567422.0,33252371.0,34029306.0,34881241.0,35754152.0,36772735.0,37413963.0,37952754.0,38892657.0,39838076.0,40791186.0,41727671.0,20330083.0,20278678.0,20217134.0,20153835.0,20089912.0,20025647.0,19960812.0,19900178.0,19855977.0,19818746.0,19776629.0,19742834.0,19753261.0,19797550.0,19840686.0,19950802.0,19845588.0,19682408.0,19720344.0,19749809.0,19771195.0,19774932.0
South Sudan,995565.0,1049212.0,1105691.0,1166007.0,1231281.0,1302013.0,1378902.0,1461327.0,1547938.0,1636202.0,1740627.0,1855152.0,1959464.0,2056270.0,2092645.0,2093997.0,2067683.0,1984736.0,1985622.0,2074149.0,2160983.0,2229006.0,5036702.0,5259179.0,5491115.0,5737120.0,6001760.0,6288130.0,6597624.0,6927461.0,7269709.0,7607354.0,8005326.0,8432957.0,8796776.0,9110005.0,9142428.0,9013564.0,8762419.0,8274418.0,8137355.0,8349235.0,8537484.0,8636774.0
Spain,30937864.0,31186430.0,31708814.0,32390830.0,33059302.0,33727737.0,34408810.0,35159317.0,35833174.0,36260460.0,36535850.0,36773882.0,36904876.0,36879299.0,36874025.0,36953082.0,37092178.0,37294243.0,37575779.0,37961020.0,38271151.0,38456064.0,9630000.0,9663982.0,9722744.0,9796815.0,9862593.0,9925418.0,9988509.0,10067486.0,10120932.0,10102486.0,10041047.0,9968815.0,9868179.0,9724898.0,9586708.0,9469221.0,9365961.0,9276989.0,9206232.0,9157481.0,9088273.0,8987757.0
Sri Lanka,3546063.0,3599606.0,3634157.0,3657912.0,3679848.0,3700230.0,3722049.0,3744398.0,3766306.0,3786389.0,3805423.0,3825958.0,3851995.0,3746058.0,3785336.0,3828283.0,3883580.0,3943920.0,4003749.0,4052088.0,4101702.0,4178622.0,15746991.0,16000756.0,16171595.0,16293609.0,16407757.0,16516294.0,16630362.0,16748147.0,16863072.0,16970046.0,17073666.0,17183090.0,17317463.0,16838942.0,16992664.0,17141717.0,17325420.0,17509080.0,17666251.0,17750912.0,17817298.0,17977378.0
Sudan,9039051.0,9281638.0,9528857.0,9762251.0,9994159.0,10241577.0,10497678.0,10768261.0,11068678.0,11405387.0,11718270.0,12001277.0,12312403.0,12660904.0,13079188.0,13565881.0,14078288.0,14680907.0,15322363.0,15912710.0,16494608.0,17108460.0,18777694.0,19235132.0,19699870.0,20133784.0,20562478.0,21020867.0,21494757.0,21995874.0,22555302.0,23163726.0,23696129.0,24139529.0,24610775.0,25124945.0,25744130.0,26458550.0,27181604.0,28033399.0,28908233.0,29635465.0,30294623.0,30958464.0
Suriname,316701.0,323645.0,330658.0,337596.0,342977.0,346288.0,349727.0,353375.0,357155.0,360994.0,364841.0,368673.0,372508.0,376350.0,380258.0,384200.0,388155.0,392094.0,396038.0,400382.0,405042.0,409165.0,159942.0,162915.0,165893.0,168818.0,170946.0,173025.0,175270.0,177641.0,180090.0,182574.0,185082.0,187596.0,190125.0,192670.0,195115.0,197427.0,199602.0,201619.0,203475.0,205386.0,207275.0,208731.0
Sweden,7454878.0,7478923.0,7508835.0,7542470.0,7577769.0,7613645.0,7666670.0,7738188.0,7813274.0,7894625.0,7976659.0,8059895.0,8150488.0,8250182.0,8362604.0,8481489.0,8618398.0,8764881.0,8896291.0,9015406.0,9108648.0,9190703.0,1417231.0,1417037.0,1416123.0,1415759.0,1415762.0,1415927.0,1413835.0,1409904.0,1406363.0,1403890.0,1401467.0,1389318.0,1368886.0,1350197.0,1333506.0,1317697.0,1304687.0,1292817.0,1278923.0,1263481.0,1244794.0,1225108.0
Switzerland,5272018.0,5304905.0,5347082.0,5388808.0,5427827.0,5464643.0,5500991.0,5552336.0,5625324.0,5697988.0,5759681.0,5825978.0,5889928.0,5959745.0,6034707.0,6105617.0,6174416.0,6234162.0,6283319.0,6332759.0,6384901.0,6441016.0,1912232.0,1924949.0,1937671.0,1950193.0,1961798.0,1972472.0,1982943.0,1998781.0,2022351.0,2045843.0,2065228.0,2086420.0,2106933.0,2129601.0,2153942.0,2176779.0,2198922.0,2217678.0,2231010.0,2242521.0,2253266.0,2263530.0
Syrian Arab Republic,8642884.0,8920237.0,9202667.0,9490093.0,9795009.0,10118594.0,10632662.0,11384145.0,11873064.0,12139418.0,12500226.0,12486866.0,12188991.0,11381415.0,10440934.0,10133435.0,10141062.0,10285197.0,10603752.0,11158011.0,11677171.0,12138970.0,7995004.0,8131101.0,8265665.0,8399203.0,8541866.0,8695497.0,9004360.0,9499980.0,9763500.0,9837551.0,9982195.0,10391232.0,10570772.0,10285502.0,9832725.0,9291183.0,9052772.0,8939471.0,8974093.0,9195523.0,9372258.0,9489869.0
Tajikistan,1665518.0,1698147.0,1731219.0,1764988.0,1800038.0,1835743.0,1871102.0,1907544.0,1945851.0,1986259.0,2029348.0,2075211.0,2127339.0,2184745.0,2245831.0,2311536.0,2380511.0,2451570.0,2525452.0,2602538.0,2681645.0,2763425.0,4619217.0,4709230.0,4800450.0,4893587.0,4990509.0,5088977.0,5186464.0,5286933.0,5392552.0,5503971.0,5622793.0,5749574.0,5886745.0,6031979.0,6179721.0,6332304.0,6485120.0,6634376.0,6781881.0,6927428.0,7067665.0,7203483.0
Tanzania,7643094.0,7980862.0,8323793.0,8757215.0,9231305.0,9734787.0,10266335.0,10823370.0,11398738.0,11972728.0,12583401.0,13255537.0,13972091.0,14742934.0,15560631.0,16447468.0,17402918.0,18394950.0,19399970.0,20415337.0,21478888.0,22590046.0,26617045.0,27217437.0,27797511.0,28332340.0,28878363.0,29447289.0,30028567.0,30612142.0,31171990.0,31661254.0,32175087.0,32773830.0,33402169.0,34081194.0,34790881.0,35573494.0,36421095.0,37257940.0,38037175.0,38759554.0,39493910.0,40240366.0
Thailand,19775633.0,20717173.0,21679640.0,22665586.0,23673351.0,24697777.0,25743722.0,26807406.0,27887770.0,28980751.0,30076202.0,30844842.0,31555235.0,32263554.0,32961669.0,33643727.0,34330176.0,35010812.0,35651638.0,36256070.0,36845215.0,37415128.0,43232182.0,42933968.0,42586797.0,42202580.0,41778696.0,41319643.0,40823965.0,40294988.0,39732060.0,39140329.0,38503245.0,38162366.0,37880863.0,37581560.0,37254698.0,36897068.0,36529665.0,36149375.0,35724441.0,35266201.0,34796269.0,34312204.0
Timor-Leste,180781.0,199968.0,219605.0,232364.0,238865.0,246950.0,257568.0,268396.0,279251.0,289990.0,300803.0,311735.0,322625.0,333461.0,344324.0,355393.0,366651.0,378165.0,390163.0,402603.0,415320.0,427927.0,564307.0,612281.0,659554.0,684514.0,690209.0,701361.0,719029.0,736493.0,753178.0,768792.0,783876.0,798472.0,812260.0,825234.0,837579.0,849738.0,861661.0,873538.0,885796.0,898342.0,910733.0,922212.0
Togo,1691432.0,1760324.0,1830174.0,1902450.0,1978055.0,2056433.0,2142743.0,2234982.0,2330157.0,2427990.0,2526943.0,2630473.0,2737050.0,2845766.0,2957521.0,3072941.0,3192666.0,3316480.0,3444076.0,3575477.0,3710640.0,3849488.0,3448605.0,3517058.0,3583100.0,3649717.0,3718453.0,3788198.0,3867925.0,3953362.0,4038655.0,4123875.0,4205647.0,4286001.0,4363686.0,4439676.0,4514929.0,4590254.0,4665623.0,4740660.0,4814702.0,4887591.0,4959080.0,5028891.0
Tonga,23628.0,23799.0,23963.0,24129.0,24300.0,24468.0,24634.0,24789.0,24915.0,25016.0,25120.0,25218.0,25183.0,25037.0,24870.0,24694.0,24505.0,24410.0,24419.0,24417.0,24417.0,24372.0,79049.0,79489.0,79911.0,80335.0,80771.0,81203.0,81619.0,81937.0,82105.0,82187.0,82280.0,82352.0,82277.0,82041.0,81739.0,81401.0,81019.0,80946.0,81148.0,81252.0,81287.0,81118.0
Trinidad and Tobago,737820.0,738579.0,739666.0,740882.0,742044.0,711545.0,711001.0,711410.0,711897.0,710248.0,711895.0,714952.0,716612.0,717600.0,718588.0,719629.0,720949.0,721797.0,722873.0,725463.0,727289.0,728430.0,581954.0,586988.0,592345.0,597827.0,603336.0,582949.0,586943.0,591778.0,596690.0,599858.0,605819.0,613067.0,618582.0,622957.0,626755.0,630038.0,632946.0,634836.0,636320.0,638522.0,639436.0,639128.0
Tunisia,6194094.0,6298630.0,6401912.0,6504764.0,6602923.0,6690362.0,6779382.0,6871580.0,6967944.0,7069496.0,7176279.0,7286894.0,7400465.0,7519862.0,7640810.0,7759925.0,7879388.0,7997135.0,8111734.0,8223969.0,8330112.0,8420541.0,3570841.0,3571047.0,3569603.0,3566868.0,3563240.0,3565110.0,3567028.0,3570122.0,3574691.0,3581185.0,3589701.0,3599141.0,3609182.0,3621499.0,3633478.0,3642339.0,3649286.0,3653363.0,3653780.0,3651112.0,3643945.0,3628081.0
Turkmenistan,2104044.0,2157093.0,2211219.0,2265929.0,2320982.0,2377188.0,2434992.0,2495170.0,2558558.0,2626141.0,2698212.0,2774928.0,2856352.0,2942409.0,3032842.0,3127589.0,3226322.0,3328557.0,3433784.0,3541317.0,3649816.0,3758641.0,2478633.0,2518316.0,2558246.0,2597936.0,2637111.0,2675069.0,2712113.0,2748876.0,2786471.0,2825451.0,2866144.0,2908489.0,2952194.0,2996932.0,3042441.0,3088181.0,3133719.0,3178504.0,3221740.0,3262627.0,3300096.0,3333402.0
Turks and Caicos Islands,15836.0,16710.0,17715.0,18817.0,19928.0,21048.0,22179.0,23327.0,24491.0,25663.0,26833.0,27967.0,29264.0,30787.0,32194.0,33748.0,35448.0,37046.0,38691.0,40300.0,41548.0,42453.0,2894.0,2866.0,2882.0,2910.0,2928.0,2940.0,2944.0,2943.0,2936.0,2925.0,2906.0,2879.0,2863.0,2866.0,2856.0,2857.0,2867.0,2867.0,2868.0,2866.0,2838.0,2790.0
Tuvalu,4392.0,4451.0,4508.0,4620.0,4778.0,4940.0,5101.0,5268.0,5446.0,5626.0,5816.0,6016.0,6212.0,6360.0,6457.0,6548.0,6628.0,6688.0,6707.0,6689.0,6657.0,6604.0,5152.0,5135.0,5115.0,5075.0,5038.0,5000.0,4955.0,4914.0,4875.0,4835.0,4798.0,4764.0,4722.0,4641.0,4527.0,4415.0,4302.0,4181.0,4044.0,3892.0,3742.0,3590.0
Uganda,3548662.0,3761590.0,3989766.0,4232415.0,4482396.0,4742574.0,5017355.0,5307667.0,5614391.0,5937348.0,6278309.0,6636887.0,7013078.0,7405937.0,7826497.0,8279437.0,8777920.0,9319547.0,9881861.0,10475142.0,11093838.0,11731620.0,20451488.0,20984086.0,21543104.0,22119709.0,22672119.0,23220715.0,23776648.0,24345763.0,24925162.0,25513803.0,26112493.0,26717656.0,27324360.0,27931105.0,28569042.0,29252009.0,30021232.0,30857841.0,31683970.0,32524495.0,33363314.0,34179310.0
Ukraine,33274819.0,32991458.0,32751535.0,32577447.0,32432707.0,32258248.0,32134856.0,32071885.0,31989201.0,31938188.0,31866960.0,31808401.0,31784201.0,31769813.0,31706231.0,31619507.0,31545864.0,31462641.0,31353281.0,31233295.0,31100864.0,30901402.0,16281841.0,16115397.0,15925746.0,15737689.0,15546800.0,15327308.0,15143838.0,14990913.0,14829974.0,14685543.0,14589043.0,14499452.0,14425855.0,14356957.0,14266149.0,14165389.0,14070968.0,13973400.0,13855626.0,13724163.0,13579150.0,13397238.0
United Arab Emirates,2803105.0,3003262.0,3207680.0,3415679.0,3626040.0,3837350.0,4139921.0,4669741.0,5255602.0,5616625.0,5776641.0,5997864.0,6264178.0,6544154.0,6880747.0,7286777.0,7681054.0,7954847.0,8086953.0,8197902.0,8183416.0,8359012.0,690470.0,720328.0,749146.0,776778.0,802927.0,827440.0,869179.0,954894.0,1047062.0,1090433.0,1093197.0,1106674.0,1127270.0,1148877.0,1178693.0,1218460.0,1254041.0,1268378.0,1259748.0,1247883.0,1217622.0,1216140.0
United Kingdom,46319551.0,46557334.0,46930583.0,47323791.0,47767769.0,48269624.0,48798541.0,49351705.0,49913475.0,50463084.0,51030310.0,51600211.0,52139171.0,52659402.0,53224263.0,53779611.0,54379018.0,54846111.0,55283700.0,55738164.0,56000218.0,56368376.0,12572963.0,12562339.0,12439896.0,12323786.0,12220136.0,12131582.0,12048279.0,11970758.0,11893520.0,11813186.0,11736055.0,11658599.0,11571829.0,11479598.0,11395737.0,11308389.0,11227982.0,11119889.0,11005300.0,10892836.0,10743782.0,10615624.0
United States,223069137.0,225792302.0,228400290.0,230876596.0,233532722.0,236200507.0,238999326.0,241795278.0,244607104.0,247276259.0,249890982.0,252415333.0,254988734.0,257495300.0,260140638.0,262829627.0,265522131.0,268008492.0,270235289.0,272301245.0,274095406.0,275221034.0,59093274.0,59176653.0,59224903.0,59231337.0,59272576.0,59316092.0,59380586.0,59435929.0,59486862.0,59495270.0,59487245.0,59424128.0,59350365.0,59230982.0,59116922.0,58985494.0,58831209.0,58600117.0,58294288.0,57924982.0,57482314.0,56878726.0
Uruguay,3005824.0,3022232.0,3035214.0,3045859.0,3055888.0,3066249.0,3077432.0,3090162.0,3103980.0,3118404.0,3133204.0,3147576.0,3159926.0,3172818.0,3186671.0,3201132.0,3215185.0,3227148.0,3236145.0,3241818.0,3246524.0,3247342.0,260382.0,252019.0,243653.0,235327.0,227260.0,219522.0,212074.0,204991.0,198197.0,191687.0,185376.0,179249.0,175475.0,172519.0,169663.0,166885.0,164098.0,161290.0,158389.0,155388.0,152444.0,149353.0
Uzbekistan,11433277.0,11693577.0,11960343.0,12231103.0,12508144.0,12792885.0,13088138.0,13403978.0,13744363.0,14101538.0,14464118.0,14743065.0,14938201.0,15144411.0,15368392.0,15605293.0,15845634.0,16084594.0,16341490.0,16625088.0,16932905.0,17268069.0,13353777.0,13396706.0,13439637.0,13480156.0,13521206.0,13564090.0,13610905.0,13672030.0,13750411.0,13837790.0,13921388.0,14080131.0,14323702.0,14579654.0,14854602.0,15144053.0,15438934.0,15734584.0,16032000.0,16339613.0,16653467.0,16975627.0
Vanuatu,40373.0,41937.0,43550.0,45210.0,46921.0,48683.0,50509.0,52414.0,54421.0,56521.0,58280.0,59800.0,61377.0,63012.0,64698.0,66421.0,68190.0,70081.0,72096.0,74147.0,76284.0,78501.0,145908.0,149094.0,152313.0,155536.0,158790.0,162077.0,165414.0,168862.0,172475.0,176210.0,179968.0,183674.0,187506.0,191470.0,195542.0,199680.0,203897.0,208426.0,213163.0,217838.0,222574.0,227367.0
Viet Nam,18805519.0,19443220.0,20095582.0,20759781.0,21436848.0,22121703.0,22914983.0,23838857.0,24810004.0,25732231.0,26601234.0,27495952.0,28421328.0,29371952.0,30359692.0,31382614.0,32439440.0,33514669.0,34567483.0,35592811.0,36622770.0,37646783.0,58348492.0,58526141.0,58676642.0,58803996.0,58902123.0,58966610.0,59252914.0,59794518.0,60365784.0,60727787.0,60853918.0,60972362.0,61089028.0,61201152.0,61319886.0,61440640.0,61560677.0,61662308.0,61669836.0,61580965.0,61456421.0,61288315.0
Zambia,3486336.0,3614021.0,3777360.0,3948712.0,4130506.0,4325533.0,4535846.0,4759780.0,4996412.0,5242500.0,5496160.0,5753606.0,6018246.0,6292800.0,6577799.0,6872366.0,7178143.0,7495582.0,7822277.0,8159419.0,8506017.0,8859262.0,6531295.0,6711164.0,6870589.0,7034883.0,7207692.0,7393286.0,7593707.0,7805305.0,8024912.0,8247889.0,8469434.0,8684190.0,8895383.0,9106197.0,9317516.0,9526723.0,9736280.0,9945738.0,10151292.0,10354420.0,10553378.0,10744345.0
Zimbabwe,4014520.0,4090799.0,4180515.0,4217583.0,4240760.0,4258099.0,4287040.0,4320473.0,4349090.0,4386800.0,4433840.0,4488529.0,4536965.0,4576069.0,4617960.0,4663120.0,4715311.0,4775100.0,4842447.0,4918908.0,5006179.0,5102973.0,7877535.0,7881102.0,7907138.0,8014740.0,8125136.0,8225333.0,8349405.0,8483585.0,8610059.0,8755990.0,8922708.0,9106895.0,9280922.0,9437739.0,9589399.0,9735893.0,9884983.0,10037382.0,10192005.0,10352460.0,10520709.0,10694237.0
